,书名,豆瓣链接,评分,评分人数,作者国籍,作者,出版社,原作名,译者,出版日期,页数,价格,装帧,丛书,ISBN,内容简介,作者简介
0,华莱士人鱼,https://book.douban.com/subject/3191044/,7.9,22660,日本,岩井俊二,南海出版公司, ,孟海霞,2008-8,322,25.00,平装,新经典文库·岩井俊二作品,9787544240475,19世纪末的香港，相传生物学家华莱士发现了一条怀孕的雌人鱼，对其进行研究。好友之子海洲化却爱上了人鱼之女，与她缔结连理。1913年，华莱士留下一部名叫《香港人鱼录》的奇书后与世长辞，人鱼的传说失落在历史的尘埃里。一百年之后，一艘科学考察船正航行于茫茫太平洋，一条传说中的人鱼模样的东西围绕考察船久久徘徊。未久，一个叫海原密的年轻男子遭遇海难，沉入海底三个月竟然平安生还……人鱼传说缓缓铺展，一扇通往另一个神秘世界的门由此打开……,岩井俊二，1963年生。从小爱好广泛的岩井俊二学生时代已经爱上电影、美术和音乐等多种艺术形式。1987年从横滨国立大学毕业后，他进入了日本的电视行业。此后的几年中，岩井俊二一直从事MTV、广告以及有线电视节目的导演工作。这阶段所拍摄的大量的MTV和广告对他日后电影的影像风格产生了重要的影响。 1995年拍摄的《情书》以清新感人的故事和明快唯美的影像首先在日本国内引起空前轰动 1998年导演了由松隆子主演的《四月物语》，并独自花费8个月时间剪辑整理-追求完美的职业态度由此可见。 被誉为日本最有潜质的新近“映像作家”。也有中国影迷称他为“日本王家卫”。
1,父与子全集,https://book.douban.com/subject/1002898/,9.2,39109,德,埃·奥·卜劳恩 绘,中国工人出版社, ,杨莹,2003-4,204,20.00,平装, ,9787500830146,²内容简介² 1934年12月，第二次世界大战前夜的德国，到处充满了火药味，正是在这样的一个背景下，一套取材于日常生活反映父子间感情的漫画作品开始在《柏林画报》上连载，它的幽默温情犹如一片人性的绿洲，拂过万千民众的心，这便是德国漫画大师埃·奥·卜劳恩的传世名作《父与子》。它的幽默感和人情味表露得如此纯真，以致在问世近70年后，依然不断征服着世界各地的读者，散发出不衰的艺术魅力。 简要目录² 《父与子》卷一，目 录 不可救药 够了 有趣的圣诞书 新镜子 放生 图钉 足球 叫人害怕的邻座 争执的调解人 糟糕的家庭作文 假期第一天 图画的局限 挑战失败 圣诞礼物 变魔术 节前趣事 自制的雪橇 大力神 吃一堑长一智 鱼儿的信 猎人与兔子 免子现形 全部输光 来晚一步 带锚的帽子 就地取材 节前的秘密 雪人的反击 落日 梦游症患者 再也不用担心了 航空信带来的惩罚 真像爷爷 最后一个苹果 蛋糕 装病 家教 按次序来 大好时机 父亲的签名 凡事往好处想 画像摄影术 “前长，后短！” 化恐惧为力量 复活节彩蛋生出的复活节小兔 神奇的魔法书 木偶剧场 请给我四张儿童票 善待天鹅 吸引人的书 《父与子》卷二，目 录 礼物 并没想当英雄 对策 狂欢节 瞎套近乎 快乐从努力中来 装腔作势的人与无私奉献的人 返老还童 父亲见不得血 狗儿也不吃 昂贵的狗儿 举例警告 上床睡觉 不能太过分 鬼怪 都是因为爱 悲伤的乐曲 迅速实现的愿望 被驯服的马 梦与现实 新年历险记 新发明 一年之后 聪明的马 从各方面看——要歌德的书！ 忍耐是有限度的 儿子出逃后 庆祝生日 被消灭的父亲 夏季旅行中的突发事件 饥饿奏鸣曲 原来是要——火！ 意外的勋章 打了一网鱼 完了——一场梦 海狸的报复 意外的猎物 野马 和袋鼠的友谊 “瞧我，给你带来了什么！” 趁火打劫 不情愿的信鸽 这里——才是金子！ 山羊的陷阱 配合默契 紧急任务 插话者 最后的精神食粮 意外获救 又回到了家 《父与子》卷三，目 录 输了棋的父亲 痛苦的自责 美术馆趣事 乐于助人的教训 战争允许一切手段 不知情帮错了 定位球 两对父子 合适的距离 遗憾 一场不成功的音乐会 进入角色 人靠衣装 制作圣诞礼物的秘密 圣诞节的贵客 正中靶心 儿子的报复 忘了放葡萄干 生日惊喜 剪得正好的照片 狮子的错误 雪茄焰火 铅球与皮球 “什么！这是我吗？” 欢乐重现 管教……晚了一点 原来不是金鱼 汽车出了故障 不领情 刷子和胡子 医生禁止他喝浓咖啡 醉后剃须 题词 曾祖父，祖父，父亲和孩子 令人难堪的相像 大笔遗产 见怪不怪，其怪自败 宫中趣事 虚荣心被治好了 理论脱离实践 难以实现的快乐 为什么要仆人 忠实的仆人 意外的复活节礼物 命令就是命令 习惯的力量 海虾带来的烦恼 行善的结果 盛名之下 再见,埃·奥·卜劳恩（e.o.plauen)， 原名埃里西·奥赛尔（Erich Ohser），德国著名漫画家。1903年3月18日生于德国福格兰特山区阿尔多夫附近的翁特盖滕格林村，童年时迁居卜劳恩市。少年时代学过钳工，后来在莱比锡绘画艺术学院学习。 1930年10月18日，卜劳恩和他的同学、画家卜尔·班塞尔的女儿玛丽加尔德结婚，1931年，他们的爱子克里斯蒂安出世。《父与子》中父与子的形象，就是取材于画家本人与其爱子克里斯蒂安的形象。 1934年12月，奥塞尔接受《柏林画报》邀请，以卜劳恩笔名开辟了一个连环漫画专栏，开始《父与子》等几个连环漫画的创作，并获得了巨大的成功，卜劳恩也因此一举成名。 纳粹在德国掌权后，卜劳恩的政治漫画被禁止发表。1944年3月他和挚友埃里西·克瑙夫被邻居告发，以“反国家言论罪”而遭逮捕。4月6日，在纳粹臭名昭著的“人民法庭”判处他死刑的前夕，卜劳恩自杀于关押他的牢房。在遗书中，他承担了全部指控，想以此为朋友开脱，给妻子玛丽加尔德的诀别信中他写道：“……我为德国而画画……还望把他（克里斯蒂安）哺养成人。带着幸福的微笑，我去了。”这样，一代幽默大师被万恶的法西斯无情地扼杀了。 卜劳恩的艺术生涯极短暂，作品虽不多，但成就卓著。《父与子》（Vater und Sohn）所塑造的善良、正直、宽容的一束形象深深地打动了千百万读者的心，是世界上最伟大的连环漫画之一，同时也成了德国幽默、漫画的象征和代表。 早在《父与子》问世的第二年，即被我国著名出版家吴朗西先生引进，在中国出版发行，丰子恺先生欣然为该书做序。《父与子》出版后到了鲁迅先生等人的高度赞誉。在此后的数十年里，《父与子》一直是中国读者最喜闻乐见的连环漫画佳作。
2,unknow,https://book.douban.com/subject/1803022/,unknow,unknow, , ,, , , , , , , , ,,
3,365夜故事（上下）,https://book.douban.com/subject/1941301/,9.3,8786, ,鲁兵 主编 / 朱延龄 插图,少年儿童出版社, , ,1987-2,上册515 下册549,2.00,平装, , ,这本故事集，是给孩子们的一束繁花，其中有反映孩子们自己的生活的故事和童话，有非常古老的神话和寓言，有外国的童话和传说，也有增进知识，启迪指挥的故事和童话，其间还点缀了几首儿歌，几则谜语。凡是于孩子们有益而有趣的故事，我们能找到的都尽量收了进去。 为了适应四岁至六岁孩子的年龄特点，便于年轻的父母口述，这本集子里的故事大多作了剪裁，或者经过改编，情节简化了，语言口语化了，这对有些原作来说，可能有所逊色，不过孩子们长大之后读到原作，是会得到补偿的。 一年三百六十五天，这本集子供年轻的父母每晚给孩子讲一个故事，就象莳花人每天一早起来，给刚刚吐芽的花木浇一勺水。,
4,大地之灯,https://book.douban.com/subject/1963310/,8.2,37731, ,七堇年,长江文艺出版社, , ,2007-1,265,22.00,平装, ,9787535432896,雪域高原深处长大的孤儿卡桑，父母在一次朝圣的途中双双遇难；出生在北大荒的孩子简生，父母是北大荒的插队知青，在他出生之后先后被急于返城的父母遗弃，一直到十岁，才被母亲接回大城市。十九岁时简生的母亲因为受贿案件而自杀。简生将卡桑带回城市，由于父母缺席的家庭抚养，两人在整个成长过程中充满了欠缺。在成年之后的岁月依旧伴随着内心阴影，一直都艰苦地进行自我扶正与探索。最终他们用回报或者付出的方式，获得了各自的终极救赎和解脱。,七堇年，十月生。自幼学习绘画与钢琴。中学时代由虚荣心出发接触过吉他，爵士鼓和电影的些许皮毛，后来发现唯一收获是借以走入表达这个世界的途径。 曾经的理想有做漫画家和拍电影，至今仍耿耿于怀。成长中遇到很多的可贵，开始念念不忘要去祭奠那些人和事，于是找到成本最为廉价的表达形式，即写作，去防止自己向时光和记忆倒戈。 曾经获新概念一等奖，正以在回忆和幻想之间流盼的浮躁姿态，向死而生。
5,1.2.3.木頭人,https://book.douban.com/subject/1358416/,7.8,10166, ,幾米,大塊文化, , ,2001-10-8,164,NT$ 360,平装,幾米作品,9789570316957,「1.2.3.木頭人」，幾米畫筆一揮，那些小人兒、小貓、小狗、大象、獅子、企鵝們……全都不動了，那些歡聲笑語，涮地──一下子統統跑進書裡去。這書讓我們見證了一場時空魔法──在真實世界裡不經意地渾然天成以及在虛幻世界中任性地暢快奔騰。 《1.2.3.木頭人》，打開書本的同時，請屏氣凝神，因為領銜主演的木頭人們，正用你聽不見的聲音彼此招呼著：「1.2.3，來玩喔！」 這書的書名其實叫做《Do.Re.Mi.木頭人》也很合適，因為書中隱藏的音樂性。就畫面的安排而言，起伏流暢的連續音符之後，有些長短不一的休止符，連續音符有長有短，有光明，有黑暗，有歡笑，有憂傷，至於休止符的節拍也視乎讀者目光停駐的時間長短而定，就連休止符都有她自成的表情；作曲家們以此為本，想必能譜出動人樂章。 依文字的節奏而言，《1.2.3.木頭人》承襲了幾米一貫的語法，譬如像扉頁：「送你一朵玫瑰花，雖然她終究會枯萎！」有點期待，又帶點哀傷的詩意讓人展開書頁就彷彿聞到花香一般。然後是一隻小豬的可愛端正，這又開始令人像吸食鴉片般陷溺：「肚子餓了 開始吃飯」→「吃得飽飽 開始想你」→「覺得睏了 開始睡覺」→「睜開眼睛 開始想你」這隻小豬的深情告白讓屬於一本書的情緒完全展露，接下來的文字就像仙女的魔法棒，點到哪裡哪裡就發光發亮，書中很多神來之筆，像有一篇題為「剛好」的短篇，17幅圖文巧妙地搭配，剛剛好，不多也不少。書裡還有一個罕見的鬼故事，故事的結尾是令人噴飯的問題：「 嘿！你覺得單眼皮的鬼恐怖， 還是雙眼皮的？」 若說這本插畫故事集有什麼缺點，那就是讓人意猶未盡，並且期待能早點看見他的最新長篇。,近年來國內最炙手可熱的繪本作家。1998年8月首度出版個人的繪本創作，1999年以《向左走‧向右走》、《聽幾米唱歌》和《月亮忘記了》三部作品，展現出驚人的創作力和多變的敘事風格，後又以《地下鐵》、《照相本子》……等多本優質繪本在出版市場興起了一陣持續至今熱力不減的繪本創作風潮。幾米讓「圖像」成為另一種清新舒潔的文學語言，在他的作品裡營造出流暢詩意的畫面，散發出深情迷人的風采。目前擁有7本廣受大家喜愛的作品，不只在國內出版市場締造出銷售二十餘萬冊的佳績，更賣出美國、德國、法國、希臘、韓國、日本等多國版權。 學界和媒體多次以「幾米現象」為主題分析討論。 Studio Voice雜誌選為亞洲最有創意的五十五人之一。多部作品改編為音樂劇、電視劇和電影，動畫《微笑的魚》並榮獲2006年柏林影展國際評審團特別獎。2007年Discovery「台灣人物誌」六位傑出人物之一。 幾米
6,七月与安生,https://book.douban.com/subject/1006073/,7.5,15621,日,绘,杭州出版社, , ,2002-8,237,17.50,平装, ,9787806334614,《七月与安生》是第一本“网络文学与漫画形式”结合的漫画单行本。整个故事描述的是一段异常凄楚的现代爱情故事，其中既有感人至深的爱情片段，又有钢筋水泥繁华的都市场景。,安妮宝贝，自由作家，现居北京。曾任职金融广告网络等行业。已出版短篇小说集《告别薇安》，散文及短篇小说集《八月未央》，长篇小说《彼岸花》，摄影图文集《蔷薇岛屿》。 鬼鬼，1982年4月12日生于上海。上海华山美院动画科毕业。；从事过动画设定、广告设计师的职业。2000年开始从事专业漫画创作、插画、平面设计等工作。
7,地下室,https://book.douban.com/subject/1331571/,7.6,9094, ,BENJAMIN,春风文艺出版社, , ,2005-6,179,22.00,平装16开, ,9787531329244,一群以音乐的名义聚集在北京的年轻人，以地下室为居留地，演绎了一幕幕戏剧。线索人物是小航，他为了追寻摇滚精神，从家乡到北京，参加亚飞的乐队，见证了乐队生存的艰难，并目睹了乐队的解体。小航在音乐理想碰壁之后，远赴新疆，被抢劫后以卖唱为生。在那里他见到初恋女友漫漫，惊讶于漫漫的变化，一气之下，离开她回到家乡。觉得无聊，期间看到了鬼子六的巨大变化，受到刺激，再回到北京，先是做白领，在纪念老泡的天堂酒吧里看到仍然坚持音乐理想的亚飞，受到感召，辞了工作，别了爱他的女孩，重新回到地下室……,BENJAMIN，艺术混子。画家，写小文的。作品是两本画集：《ONE DAY》和《记得》。传统意义上画漫画的，也拿过几个画画的奖，像别人一样。所以也是个艺术家，三流或者二流。只是很迷茫，自己之前的全部人生是否有价值？我的决定是否正确？人生真的没意思么？快乐是什么？理想是什么？我是成熟者里面最优秀的，最锐利的，却是未成熟者里面最可笑的，最笨拙的。 为了那一段不能回头的青春，为了我的遗憾，我生于世，要不停地画不停地写，这就是与大家不尽相同的任务，我要完成它，然后心安理得地死亡。一个个黑夜，从天亮画到天黑，从天黑写到天亮。痛苦无比，聚精会神。一束黄色灯光里独自听着爱听的歌，黑暗里戴着耳机对着电视画和写，那就是我最幸福的时刻。害怕天亮，害怕沸腾的人间。我想，要是永远都是黑夜就好了，我要一个无穷无尽的黑夜，可以不间断地写和画。 这是我的画，这是我的文，这是我的第一本小说，献给你，献给我自己。
8,杂的文,https://book.douban.com/subject/3009033/,7.8,22550, ,韩寒,万卷出版公司, , ,2008-3,209,19.90,精装, ,9787807591450,这是一本观点独特、言语犀利的杂文集。 什么样的事让韩寒有直指人心的气魄； 什么样的人会引起韩寒的注意； 什么样的电影值得韩寒一说—— 韩寒说：没有分量的文字是没有力量的。 这本书集合了以韩寒自己独特的思考方式为基础的杂文，评论时事、人文、电影、艺术、赛车等等。,韩寒，1982年9月23日生。作家，赛车手。已出版著作：《三重门》，《零下一度》，《像少年啦飞驰》，《通稿2003》，《毒》，《韩寒五年文集》，《长安乱》，《就这么漂来漂去》，《一座城池》，《寒》，《光荣日》。或有其他，则为伪作。
9,慢,https://book.douban.com/subject/1025336/,7.9,9904, ,米兰・昆德拉,上海译文出版社, ,马振骋,2003-03,179,13.00,平装,米兰·昆德拉作品系列（2003版）,9787532730469,速度是出神的形式，这是技术革命送给人的礼物。跑步的人跟摩托车手相反，身上总有自己存在，总是不得不想到脚上水泡和喘气；当他跑步时，他感到自己的体重、年纪，就比任何时候都意识到自身与岁月。当人把速度性能托付给一台机器时，一切都变了：从这时候起，身体已置之度外，交给了一种无形的、非物质化的速度，纯粹的速度，实实在在的速度，令人出神的速度。 慢的乐趣怎么失传了呢？啊，古时候闲荡的人到哪儿去啦？民歌小调中的游手好闲的英雄，这些漫游各地磨坊，在露天过夜的流浪汉，都到哪儿去啦？他们随着乡间小道、草原、林间空地和大自然一起消失了吗？捷克有一句谚语用来比喻他们甜蜜的悠闲生活：他们凝望仁慈上帝的窗户。凝望仁慈上帝窗户的人是不会厌倦的；他幸福。在我们的世界里，悠闲蜕化成无所事事，这则是另一码事了。无所事事的人是失落的人，他厌倦，永远在寻找他所缺少的行动。 这是米兰·昆德拉移民法国后，用法文所写的第一部小说。相较于《生命之中不能承受之轻》和《不朽》所探讨的沉重话题，《慢》的主题看上去令人惊奇：显然是昆德拉所有作品当中，主题最为轻松的小说。作者自己曾说：“作品没有任何一个严肃的词。”作者通过旅途中的驾驶事件，论及了速度、时间以及记忆、历史、遗忘等主題；以城堡为场景，穿插了美丽的爱情故事，并交织着当代与18世纪两个时空……,"米兰·昆德拉，捷克小说家，生于捷克布尔诺市。父亲为钢琴家、音乐艺术学院的教授。生长于一个小国在他看来实在是一种优势，因为身处小国，“要么做一个可怜的、眼光狭窄的人”，要么成为一个广闻博识的“世界性的人”。童年时代，他便学过作曲，受过良好的音乐熏陶和教育。少年时代，开始广泛阅读世界文艺名著。青年时代，写过诗和剧本，画过画，搞过音乐并从事过电影教学。总之，用他自己的话说， “我曾在艺术领域里四处摸索，试图找到我的方向。”50年代初，他作为诗人登上文坛，出版过《人，一座广阔的花园》（1953）、《独白》（1957）以及《最后一个五月》等诗集。但诗歌创作显然不是他的长远追求。最后，当他在30岁左右写出第一个短篇小说后，他确信找到了自己的方向，从此走上了小说创作之路。  1967年，他的第一部长篇小说《玩笑》在捷克出版，获得巨大成功，连出三版，印数惊人，每次都在几天内售馨。作者在捷克当代文坛上的重要地位从此确定。但好景不长。1968年，苏联入侵捷克后，《玩笑》被列为禁书。昆德拉失去了在电影学院的职务。他的文学创作难以进行。在此情形下，他携妻子于1975年离开捷克，来到法国。  移居法国后，他很快便成为法国读者最喜爱的外国作家之一。他的绝大多数作品，如《笑忘录》（1978）、《不能承受的存在之轻》（1984）、《不朽》（1990）等等都是首先在法国走红，然后才引起世界文坛的瞩目。他曾多次获得国际文学奖，并多次被提名为诺贝尔文学奖的候选人。  除小说外，昆德拉还出版过三本论述小说艺术的文集，其中《小说的艺术》（1936）以及《被叛卖的遗嘱》（1993）在世界各地流传甚广。  昆德拉善于以反讽手法，用幽默的语调描绘人类境况。他的作品表面轻松，实质沉重；表面随意，实质精致；表面通俗，实质深邃而又机智，充满了人生智慧。正因如此，在世界许多国家，一次又一次地掀起了“昆德拉热”。  昆德拉原先一直用捷克语进行创作。但近年来，他开始尝试用法语写作，已出版了《缓慢》（1995）和《身份》（1997）两部小说。"
10,一个陌生女人的来信,https://book.douban.com/subject/2154960/,8.7,143248,奥,斯蒂芬·茨威格,上海译文出版社,Brief einer Unbekannten,张玉书,2007-7,340,20.00,平装,斯蒂芬·茨威格作品集,9787532741571,这是一部短篇小说集，除《一个陌生女人的来信》，亦按时间顺序收录了《火烧火燎的秘密》、《马来狂人》等名篇，作者的创作历程一目了然。 《一个陌生女人的来信》讲述一个刻骨铭心的爱情故事，一个女子暗恋男主人公18年，直至临死才决定向他告白。,斯台芬·茨威格（1881—1942），奥地利小说家、诗人、剧作家和传记作家。出身富裕犹太家庭，青年时代在维也纳和柏林攻读哲学和文学，日后周游世界，结识罗曼·罗兰和弗洛伊德等人并深受影响。创作诗、小说、戏剧、文论、传记，以传记和小说成就最为著称。第一次世界大战期间从事反战工作，是著名的和平主义者。一九三四年遭纳粹驱逐，流亡英国和巴西。一九四二年在孤寂与幻灭中自杀。代表作有短篇小说《象棋的故事》、《一个陌生女人的来信》，长篇小说《心灵的焦灼》，回忆录《昨日的世界》，传记《三大师》和《一个政治性人物的肖像》。
11,最好的时光,https://book.douban.com/subject/1949068/,8.4,6767, ,"朱天文 / 未知
                    侯孝贤",山东画报出版社, , ,2006-11,386,30.00,平装,山东画报朱天文作品,9787807132974,《最好的时光》是朱天文二十余年来为电影所写各类文章之全面结集，同时也是多方位完整记录侯孝贤作品的重要电影史文献。一方面，这本书包括了台湾著名电影人侯孝贤的所有电影作品的文字资料，可以作为他电影成就的直接文字记录。另一方面，朱天文以小说、剧本、评论、谈话、随笔等不同形式来记录侯氏电影的点滴，也是作家朱天文的一本另类文集。,朱天文，著名作家，台湾新电影的重要编剧之一。祖籍山东临朐，1956年八月生于高雄凤山。淡江大学英文系毕业。出身文学家族，曾主编《三三集刊》、《三三杂志》，开办三三书坊，现专事写作。1982年与陈坤厚、侯孝贤结识，从此与台湾“新电影”导演、编剧、影评人往来频繁，多方参与“新电影”的发展。1983年之后，与侯孝贤导演长期合作编剧，创作了许多为台湾电影赢得巨大国际声誉的电影作品；其间亦不断出版电影剧本及原著小说，与电影各自成为独立的作品。1994年以长篇小说《荒人手记》获得首届时报文学百万小说奖。著有小说集《乔太守新记》、《传说》、《最想念的季节》、《炎夏之都》、《世纪末的华丽》、《朱天文电影小说选》等，散文集《淡江记》、《小毕的故事》、《三姐妹》、《下午茶话题》，电影剧本《恋恋风尘》、《悲情城市》、《戏梦人生》、《好男好女》、《千禧曼波》等。
12,朗读者,https://book.douban.com/subject/1467776/,8.3,10834,德国,本哈德·施林克,译林出版社, ,钱定平,2006-1,213,28.00,精装, ,9787806577677,“朗读者”是一个叫做米歇尔·白格的少年。白格在他十五岁的那一年，巧遇并结识了三十六岁的妇女汉娜。汉娜足可以做他的母亲，可他们却成了秘密情人。然而，公共汽车售票员汉娜，在纳粹时期，竟然是臭名昭著的集中营女看守。汉娜一直对白格隐瞒着自己的经历并在关键时刻失踪了。当白格作为法律系大学生参与法庭实习的时候，审判的战犯之一就是汉娜。而白格发现自己居然还深深地爱着汉娜。,本哈德·施林，法学博士。曾在波恩大学、法兰克福大学，现在柏林洪堡大学任教职，并为北威州宪法法官。曾获德语推理小说大奖。《朗读者》是他最轰动的作品，先后荣获四个重要奖项。
13,十四堂人生创意课,https://book.douban.com/subject/2363651/,8.1,15008, ,李欣频,电子工业出版社, , ,2008-1,209,26.00,平装, ,9787121056208,这本书脱胎于李欣频在教授广告创意课时的笔记，在授课时，李欣频认为不需事先准备具体的教程，因为世事变化太快，每周都会有新的生命教材在发生，还来不及写进教科书里。于是她在每周的广告文案课里，以当周世界上发生的重大事件为每次上课的开头，依自己的体会和心得，开始了她的生命教学，这样14堂课下来，以电影、旅行、观察、阅读、情报、演练、想像、梦、自信、生命与危机意识，架构出一部横跨书写、影像、广告、设计，丰盛且庞大的个人创意系统。,李欣频，台湾政治大学广告研究所硕士。曾任广告公司文案、诚品书店特约文案、Acer数字艺术中心特约文案创意。现在北京大学攻读博士，并在北大新闻传播学院任教“广告策划与创意”课程。 广告作品包括：中兴百货、远东百货、诚品书店、诚品商场、Acer数字艺术中心、富邦艺术基金会、台新银行玫瑰卡、台北艺术节、莺歌陶瓷博物馆、统一企业、雅虎奇摩……
14,舒克和贝塔历险记,https://book.douban.com/subject/1028270/,8.8,11975, ,郑渊洁,学苑出版社, , ,1996-10-1,442,15.00,平装,郑渊洁童话,9787507711967,舒克是一个飞行员，他热心帮助朋友，贝塔是一名坦克兵，他和舒克是朋友，他们在一起不断地帮助朋友解决困难，他们因此也不断的身临险境，在他们的聪明机智和朋友们的帮助下，他们每次都能化险为夷，他们认识了人类朋友��皮皮鲁，于是，和皮皮鲁的故事又开始了，最后，小老鼠舒克和贝塔能不能找到自己的归处和幸福呢，请看《舒克和贝塔历险记》。,郑渊洁，1955年6月15日出生天河北石家庄，原籍山西临汾，现定居北京。1977年开始文学创作。主要作品：《郑渊洁童话全集》（30卷）和《郑渊洁与皮皮鲁对话录》。1985年创刊至今的《童话大王》杂志是专门刊登他的作品的月刊。作品中的人物皮皮鲁、鲁西西、罗克、舒克和贝塔已成为注册商标。1993年当选首届北京十大杰出青年。
15,当我们谈论爱情时我们在谈论什么,https://book.douban.com/subject/4010969/,7.9,46020,美,雷蒙德·卡佛,译林出版社,What We Talk About When We Talk About Love,小二,2010-1,185,22.00,平装,卡佛作品,9787544710442,《当我们谈论爱情时我们在谈论什么》出版于1981年，是雷蒙德•卡佛的成名之作，同时也是其最负盛名的代表作。本书由十七篇短篇小说组成，讲述了如餐馆女招待、锯木厂工人、修车工、推销员和汽车旅馆管理员等社会底层的体力劳动者的生活。这些普通人有着普通人的愿望，做着再普通不过的事情，但他们发现自己在为生存而挣扎，无法获得在常人看来并不远大的人生目标。他们的生活中充满了窘困和不如意，婚姻破裂，失业，酗酒，破产。卡佛用“极简”的遣词、冷静疏离的叙事，表现了现代社会中人的边缘性以及现代人脆弱的自我意识。,雷蒙德·卡佛（1938—1988） 美国当代著名短篇小说家、诗人，美国“极简主义”代表作家，并被誉为“新小说”创始者。 1938年5月25日出生于俄勒冈州克拉斯坎尼镇，1988年8月2日因肺癌去世。 高中毕业后，即养家糊口艰难谋生，业余学习写作。卡佛人生的前一半充满了苦难与失望。失业，酗酒，破产，妻离子散，友人背弃，坠入人生之谷底。晚年文学声名渐高，却罹患肺癌，五十岁便英年早逝。 卡佛的作品风格和他自身经历密切相关，精简冷硬。他不是用天才来写作，而是呕心沥血的写作。卡佛一生作品以短篇小说和诗为主，代表作有《请你安静一下好不好？》《谈论爱情时我们说些什么》《大教堂》《何方来电》等。
16,森林唱游,https://book.douban.com/subject/1013001/,7.9,8180, ,幾米,生活·读书·新知三联书店, , ,2002-4, ,25.00,精装, ,9787108017031,收录1999年3月到2002年2月在《自由时报》“花边新闻”发表的“听幾米唱歌”专栏作品。,畿米，台湾漫画家。他在台湾文化大学美术系设计组毕业，曾在广告公司担任美术指导12年。 畿米住在台北，在家工作，为报纸、杂志、各种出版品提供图画，目前全心投入自己喜欢的绘本创作。1998年开始绘本创作，1999年以《向左走·向右走》一举成名，掀起港台绘本热潮。目前有多本广受欢迎的作品，卖出美、德、法、希腊、日、韩等多种版本。 作品：1998年《森林里的秘密》、《微笑的鱼》；1999年《向左走·向右走》、《月亮忘记了》、《听畿米唱歌》；2000年《黑白异境》、《森林唱游》、《我的心中每天开一朵花》；2001年《地下铁》、《照相本子》。
17,碧血剑（上下）,https://book.douban.com/subject/1055976/,7.2,13070, ,金庸,生活·读书·新知三联书店, , ,1999-04,687,23.00,平装,金庸作品集（三联口袋本）,9787108012494,《碧血剑》当代著名作家金庸著，著于1956年，是金庸的第二部武侠小说。至今为止，已经过三次修订。现收录在《金庸作品集》中。 本书讲的是明末抗清将领袁崇焕之子袁承志的故事。曾多次被拍成电视剧，最近一部由张纪中导演。,金庸（1924年2月6日—），香港“大紫荆勋贤”。原名查良镛(zhā liáng yōng，英：Louis Cha)，浙江海宁人，当代著名作家、新闻学家、企业家、社会活动家，《香港基本法》主要起草人之一。金庸是新派武侠小说最杰出的代表作家，被普遍誉为武侠小说作家的“泰山北斗”，更有金迷们尊称其为“金大侠”或“查大侠”。 金庸生于1924年，祖籍为安徽省桐城，出生在浙江海宁，查家为当地望族，历史上最鼎盛期为清康熙年间，以查慎行为首叔侄七人同任翰林。现代查氏家族还有两位知名人物，南开大学教授查良铮（穆旦）（四十年代九叶派代表诗人，翻译家），台湾学术界风云人物、司法部长查良钊。出自海宁的著名人物还有王国维和徐志摩。徐志摩是金庸的表兄。金庸祖父查沧珊是“丹阳教案”的当事人。 1937年，金庸考入浙江一流的杭州高中，离开家乡海宁。1939年金庸15岁时曾经和同学一起编写了一本指导学生升初中的参考书《给投考初中者》，畅销内地，这是此类书籍在中国第一次出版，也是金庸出版的第一本书。1941年日军攻到浙江，金庸进入联合高中，那时他17岁，临毕业时因为写讽刺黑板报《阿丽丝漫游记》被开除。另一说是写情书.1944年考入重庆国立政治大学外文系，因对国民党职业学生不满投诉被勒令退学，一度进入中央图书馆工作，后转入苏州东吴大学(今苏州大学)学习国际法。抗战胜利后回杭州进《东南日报》做记者，1948年在数千人参加的考试中脱颖而出，进入《大公报》，做编辑和收听英语国际电讯广播当翻译。不久《大公报》香港版复刊，金庸南下到香港。 1950年，《大公报》所属《新晚报》创刊，金庸调任副刊编辑，主持《下午茶座》栏目，也做翻译、记者工作，与梁羽生（原名陈文统）一个办公桌，写过不少文艺小品和影评（笔名姚馥兰和林欢）。姚馥兰的意思是英文的Your friend.(你的朋友)。1955年开写《书剑恩仇录》，在《大公报》与梁羽生、陈凡（百剑堂主）开设《三剑楼随笔》，成为专栏作家。1957年进入长城电影公司，专职为编剧，写过《绝代佳人》、《兰花花》、《不要离开我》、《三恋》、《小鸽子姑娘》、《午夜琴声》等剧本，合导过《有女怀春》、《王老虎抢亲》（所用笔名为林欢）。 建国不久，金庸为了实现外交家的理想来到北京，但由于种种原因而失望地回到香港，从而开始了武侠小说的创作。 1959年离开长城电影公司，与中学同学沈宝新合资创办《明报》，任主编兼社长历35年，期间又创办《明报月刊》、《明报周刊》、新加坡《新明日报》及马来西亚《新明日报》等。金庸任董事长期间，《明报》成为香港最有影响的报纸之一，有人把它比喻成香港的《泰晤士报》。其对中国时局的预测和分析，是其它报纸不能比拟的。《明报月刊》则是华人世界最文人化的刊物，其对大中华关怀，深受全世界华人好评。 从五十年代末——七十年代初，金庸共写武侠小说15部，1972年宣布封笔，开始修订工作。 1981年后金庸数次回大陆，先后受到邓小平、江泽民等领导人的接见，1985年任香港基本法起草委员会委员，1986年被任命为基本法起草委员会“政治体制”小组港方负责人，1989年辞去基本法委员职务，卸任《明报》社长职务，1992年到英国牛津大学当访问学者，1994年辞去《明报》企业董事局主席职务。1999~2005年任浙江大学人文学院院长。 金庸博学多才。就武侠小说方面，金庸阅历丰富，知识渊博，文思敏捷，眼光独到。他继承古典武侠小说之精华，开创了形式独特、情节曲折、描写细腻且深具人性和豪情侠义的新派武侠小说先河。举凡历史、政治、古代哲学、宗教、文学、艺术、电影等都有研究，作品中琴棋书画、诗词典章、天文历算、阴阳五行、奇门遁甲、儒道佛学均有涉猎，金庸还是香港著名的政论家、企业家、报人，曾获法国总统“荣誉军团骑士”勋章，英国牛津大学董事会成员及两所学院荣誉院士，多家大学名誉博士。 金庸一支笔写武侠，一支笔纵论时局，享誉香江；少年游侠，中年游艺，老年游仙；为文可以风行一世，为商可以富比陶朱，为政可以参国论要：金庸一生的传奇，可谓多姿多彩之至。佛学对金庸的影响很大。在他的文学作品中处处可见金庸中庸平和的风格。
18,梵高传,https://book.douban.com/subject/1092149/,8.7,9477,美,欧文·斯通,北京出版社,Lust for Life,常涛,2001-2,556,25.00,精装, ,9787200005844,荷兰画家温森特·梵高是19世纪人类最杰出的艺术家之一。他热爱生活，但在生活中屡遭挫折，艰辛备尝。他献身艺术，大胆创新，在广泛学习前辈画家伦勃朗等人的基础上，吸收印象派画家在色彩方面的经验，并受到东方艺术，特别是日本版画的影响，形成了自己独特的艺术风格，创作出许多洋溢着生活激情、富于人道主义精神的作品，表现了他心中的苦闷、哀伤、同情和希望，至今饮誉世界。 被誉为传记小说之父的美国现代作家欧文·斯通，在梵高还默默无闻的时候便写出了这部文学传记，时年仅26岁。60余年来，梵高的身世打动了无数读者，其魅力至今犹在。这部作品也便成了作家的成名之作，并被译成80余种文字，发行数千万册。,"欧文·斯通（Irving stone, 1903-1989），美国著名传记小说作家。青少年时期生活艰难，先后做过报童、推销员、牧童等。南加州大学经济学硕士。曾于印第安纳大学任教。欧文·斯通一生创作二十五部传记小说，传主包括杰克·伦敦、米开朗琪罗、弗洛伊德、达尔文等历史文化名人。其作品在欧美各国有着广泛的社会影响，更深受中国读者的喜爱。"
19,血酬定律,https://book.douban.com/subject/1006560/,8.2,13064, ,吴思,中国工人出版社, , ,2003-08,287,23.80,平装, ,9787500830870,本书提出了血酬和元规则等概述，这些概念代表了我力所能及的深度。所谓血酬，即流血拼命所得的酬报，体现着生命与生存资源的交换关系。从晚清到民国，吃这碗饭的人比产业工人多得多。血酬的价值，取决于所拼抢的东西，这就是“血酬定律”。这个道理很浅显，却可以推出许多惊人的结论。如果再引入一些因素，一层一层地推论下去，还可以解释书中的其他概念，成为贯穿全书的基本逻辑。因此，作者把“血酬定律”当作书名。,吴思：著名历史学家。1957年生于北京，中国人民大学中文系毕业。曾任《农民日报》、《桥》等报章杂志的记者及编辑，目前为杂志《炎黄春秋》的执行主编。作品广泛见于网络及各类报章杂志。
20,三体Ⅲ,https://book.douban.com/subject/5363767/,9.2,276427, ,刘慈欣,重庆出版社, , ,2010-11,513,38.00,平装,科幻世界·中国科幻基石丛书,9787229030933,与三体文明的战争使人类第一次看到了宇宙黑暗的真相，地球文明像一个恐惧的孩子，熄灭了寻友的篝火，在暗夜中发抖。自以为历经沧桑，其实刚刚蹒跚学步；自以为悟出了生存竞争的秘密，其实还远没有竞争的资格。 使两个文明命悬一线的黑暗森林打击，不过是宇宙战场上一个微不足道的插曲。真正的星际战争没人见过，也不可能见到，因为战争的方式和武器已经远远超出人类的想象，目睹战场之日，即是灭亡之时。 宇宙的田园时代已经远去，昙花一现的终极之美最终变成任何智慧体都无法做出的梦，变成游吟诗人缥缈的残歌；宇宙的物竞天择已到了最惨烈的时刻，在亿万光年暗无天日的战场上，深渊最底层的毁灭力量被唤醒，太空变成了死神广阔的披风。 太阳系中的人们永远不会知道这一切，最后直面真相的，只有两双眼睛。,刘慈欣，祖籍河南，长于山西，中国科普作家协会会员，山西省作家协会会员，高级工程师。 自1999年处女作《鲸歌》问世以来，刘慈欣已发表短篇科幻小说三十余篇、出版长篇科幻小说六部，并创下连续八年荣获中国科幻最高奖“银河奖”的纪录。其长篇力作《三体》开创《科幻世界》月刊连载原创作品之先河，一举成为2006年度最受关注、最畅销的科幻小说，《三体Ⅱ·黑暗森林》也因此被读者誉为“最值得期待的科幻小说”。 刘慈欣的作品宏伟大气、想象绚丽，既注重极端空灵与厚重现实的结合，也讲求科学的内涵和美感，具有浓郁的中国特色和鲜明的个人风格，为中国科幻确立了一个新高度。
21,漩涡,https://book.douban.com/subject/1440468/,9.0,17054, ,伊藤潤二,東立, ,蔡夢芳,1999,208,NT$90,平装,漩渦,9789573490104,在一个被漩涡诅咒的黑涡镇，镇民一个接一个地开始为漩涡状的图案执迷，彷佛传染病般的乌云罩顶。有人意外丧生，死状有如漩涡，有人身体开始盘旋如漩涡，有人则头发如漩涡般蔓生席卷。没有人知道诅咒的来源和原因，由不明现象和集体恐慌所酝酿出的气氛，却比真正现身的鬼魅更具情绪感染力。,"1963年：生于日本岐阜县 幼稚园时期 读了姐姐读过的《木乃伊老師》点燃了对恐怖的兴趣(姐姐在他生日的時候，都送些如《婴儿少女》之类的恐怖读物，从此之后沉迷于楳図かずお、はもちろん、日野日出志、古賀新一的恐怖漫画中。另外因为姐姐有在画漫画，因此给了伊藤润二很大的启发。  小学一年纪开始画漫画，姐姐对伊藤的影响很大。  高中时期遇见了画漫画的同好，此时的作品由铅笔稿进步到上墨线，由半成品转为成品。 高中毕业进入名古屋齿科技工转科就读。 转科毕业在名古屋担任齿科技工的工作(即制作牙齿模型)。同时朝日sonorama创立了《万圣节月刊》(已停刊) 1986 年在恐怖漫画的新人大本营《万圣节月刊》设立了「楳図赏」，对楳図かずお十分景仰的伊藤润二初次参加投稿，并以他的短篇漫画作品得到佳作入选，由于第１回のせいか楳図赏特优和优秀都出缺，所以实际上伊藤润二是第一名。得将作品就是之后成为伊藤的代表作系列的《富江》。当时的评审有楳図かずお、稻川純二、菊池秀行、成毛厚子、古川三登志以及《万圣节月刊》主编。  1987年在万圣节月刊二月号上刊载《富江》第一回，从此踏入漫画界。  1987～1997 年出道后并沒有辞去原来的牙科技师的工作，从此身兼二职两三年，但是感到很辛苦，觉得继续这样走下去也不是长久之计，于是后来选择了继续当自己喜欢的职业 ——漫画家，并坚持继续走下去。此时还有刊载《不眠之夜的奇妙故事》(之后的Nemuki)，之后也刊载了很多的故事。 1995年 《科学怪人》，出版 1997年在朝日sonorama以外连载漫画于小学馆的《週刊ビックコミックスピリッツ》的增刊《满福!》中连载四页的短篇《大黑柱悲歌》  1998年在《週刊ビックコミックスピリッツ》开始每月一次连载《旋涡》  1999 年1999.03.06《富江》电影版公开。《漩渦》连载結束，决定改编成电影版。《富江》也决定再次改编成电影版《富江replay》(午夜凶灵——富江)在million出版的《漫画gon》第二号连载短篇〈地狱的人偶葬〉。 同年夏天举办签名会，东京两处，名古屋一处。算是很忙碌的一年。在《Nemuki》开始继续连载《系列富江》    2000年电影版《富江replay》《旋涡》同时上映。另外还有改编一些短篇成为电影(如〈人头气球〉、〈押切怪谈〉等)。     2001年作品《至死不渝的爱》、《富江-再生》、《稻草人》改编成电影      2002年 《鱼》 1、2集，出版"
22,我想吃一个小孩,https://book.douban.com/subject/3608170/,8.1,7674,法,西尔维娜·多尼奥 / [法,北京科学技术出版社, ,文小山,2009-2,21,24.80,精装,世界精选幽默图画书,9787530440773,每天早上，妈妈都给小鳄鱼奇奇拿来好吃的香蕉当早餐，但是有一天早上，奇奇不肯吃香蕉了。鳄鱼妈妈非常担心，她不停地问：“这香蕉多好啊，多有营养啊！你不吃吗？你真的不吃吗？”“不，谢谢妈妈，”奇奇回答说，“今天我想吃一个小孩。”,
23,雾都孤儿,https://book.douban.com/subject/1203251/,8.2,35728,英,狄更斯,上海译文出版社,Oliver Twist,荣如德,1991-7,370,10.10,平装,世界文学名著普及本（全译本）,9787532710942,孤儿奥立弗・退斯特从小在贫民习艺所受尽欺凌，逃到伦敦后又陷入贼窟。身边的世界像一台疯狂运转的机器，小奥立弗却努力坚守着心底深处的纯净与高贵。这份执著终于帮他等来了柳暗花明：布朗劳先生、梅里太太等人及时伸出援助之手；与此同时，奥立弗奇特的身世，也一步步真相大白。小说深刻揭示社会弊病的同时，也在英国文学史上留下一连串栩栩如生的人物形象，一百多年来深受读者爱戴。,
24,幸运儿,https://book.douban.com/subject/1061367/,8.4,11987, ,幾米,辽宁教育出版社, , ,2003-04,148,36.00,平装,幾米作品精选集,9787538265880,董事长从小就是个幸运儿，他什么都有，而且都是最好的。 董事长聪明过人，事事都被要求第一，他从来也没让人失望过。董事长又帅又能干，父母优雅开明，太太美丽贤淑，儿女乖巧可爱。许多人一辈子辛苦追寻的梦想，董事长都轻易拥有。人人都喜欢董事长。董事长的一切都让人既羡慕又忌妒，但更让人受不了的是，有一天，上苍忽然赐给他一个神奇的礼物……… 本书是几米继《地下铁》之后的最新长篇绘本，是几米2003年的新春献礼。绘本诗人的长篇故事，一向说得精彩，如诗歌般的《幸运儿》灵感来自几米1999年的作品《微笑的鱼》，因为画了鱼儿微笑，作家心想何不画本《悲伤的鸟》？故事不断发酵，到了2001年，几米开始着手这个故事，画笔湿了又干，墨色从深到浅，写写改改，直到2002年底才完稿。 《幸运儿》诉说一个幸运却哀伤的故事，幸运儿是谁？是几米？或是你我？ 这是一本悲悯与传奇之书，谨献给幸运儿。,几米，1998年开始个人的绘本创作。 1999年以《向左走·向右走》、《听几米唱歌》和《月亮忘记了》三部作品，展现惊人的创作力和多变的叙事风格。 2000年《我的心中每天开出一朵花》风格清新真挚。此后作品的形式更为自由多变。 2001年创作《地下铁》、《照相本子》、《1.2.3.木头人》。 2002年创作《我只能为你画一张小卡片》、《布瓜的世界》。 几米的创作热情与强烈的创意，让作品的图像空间饶富诗意，深情而迷人，文章节奏简约而自成风格，并迭有新作，令人惊喜连连。作品广受好评，深受读者喜爱，风靡两岸，美、法、德、希腊、韩、日、泰等国皆有译本。
25,一九七三年的弹子球,https://book.douban.com/subject/1019428/,8.0,12000,日,村上春树,上海译文出版社, ,林少华,2001-8,159,12.50,平装,村上春树文集（2001版）,9787532726288,费尽了万千周折，“我”终于找到了少年时为之入迷的弹子球游戏机。然而，那只是幼稚的狂热，并不能为迷惘低沉的青春岁月点燃激情。“我”漠然地离开了弹子球机，也漠地送走了一对相伴多日的娇憨女郎，返回到无边的孤独之中。而“我”的好友“鼠”，此时也撇下了钟情的恋人，收拾行装，即将离开这座令人百无聊赖的城市。 村上春树“青春三部曲”的第二部，感伤的气息已遥接《挪威的森林》。,村上春树（1949－ ），日本小说家。曾在早稻田大学文学部戏剧科就读。1979年，他的第一部小说《听风之歌》问世后，即被搬上了银幕。随后，他的优秀作品《1973年的弹子球》、《寻羊冒险记》、《挪威的森林》等相继发表。他的创作不受传统拘束，构思新奇，行文潇洒自在，而又不流于庸俗浅薄。尤其是在刻画人的孤独无奈方面更有特色，他没有把这种情绪写成负的东西，而是通过内心的心智性操作使之升华为一种优雅的格调，一种乐在其中的境界，以此来为读者，尤其是生活在城市里的人们提供了一种生活模式或生命的体验。
26,山居笔记,https://book.douban.com/subject/1000482/,7.7,8822, ,余秋雨,文汇出版社, , ,1999-02,370,30.00,精装,收获文库,9787805315744,,余秋雨，1946年生，汉族，浙江人。文化史学家、艺术学教授、博士生导师。现任上海戏剧学院教授上海写作学会会长。十余年来越野历险万公里，实地考察了中华文化在内的人类各大文明的兴衰脉络，沿途写下了《文化苦旅》、《山居笔记》、《霜冷长河》、《千年一叹》、《行者无疆》等著作。这些著作出版后，一直位居全球华文书排行榜前列。
27,棋魂·光之棋（1）,https://book.douban.com/subject/1226062/,8.9,15548,日本,堀田由美 / [日,天津人民美术出版社, ,邹宁,2004-2,183,6.80,平装,棋魂,9787530522356,进藤光是一个小学6年级学生。有一天，小光跑到爷爷家里寻宝，想赚些零用钱，没想到偶然翻出了一个旧棋盘，就在分接触棋盘的一瞬间，附身于棋盘之上的平安时代天才棋士——藤原佐为的灵魂进入了他的体内。佐为热爱围棋如同生命，小光受到他的熏陶，逐渐对围棋产生了兴趣。 在围棋班上，小光听说各地都有围棋会所，便赶紧跑去下棋。不料在棋场中结识了围棋名人天才少年塔矢亮，为了测试佐为的实力，小光贸然与塔矢亮对弈，结果小胜对手。他误认为佐为的棋力仅能赢过与自己同龄的孩子，对此十分不满，然而塔矢亮却大受打击，失意至极。数日后，塔矢亮再次向小光挑战，虽然他对小光藐视围棋的态度妒火中烧，无奈再次惨败于小光之手，塔矢亮连番受挫，内心更加苦闷，小光应明明邀请，参加了叶濑中学的校庆活动，在会场上他向围棋部的棋谱问答发起挑战，并由此结识了将棋部的加贺……,
28,晃晃悠悠,https://book.douban.com/subject/1047851/,7.7,6920, ,石康,长春出版社, , ,1999-11,340,18.00,平装, ,9787806049358,意义广泛的无事可做可概括为一种状态，这种状态就是从东到西，从学校到学校外，从朋友到情人，从食堂到商场……的晃晃悠悠的状态。 “你一直在寻找那个能让你心碎的姑娘，她代表一种生活，也许，你会找到她，她就是你马上要走的一段路，就是你要经历的生活，走吧，别回头，一直向前冲吧！”不幸的是，这首歌再也不能安慰我了。,我是石康:生于一九六八年，我想我最多不会活过二Ｏ六八年。 从现在起，我感到不妙的是，也许我在人世间还有半个多世纪好过，当然，一次未曾预料的天灾人祸就可将我化为乌有，对此，我抱无所谓态度，真要是那样的话，我将会感谢上帝的好心，一点也不感到遗憾。
29,黑铁时代,https://book.douban.com/subject/1096790/,8.7,10412, ,王小波,中国青年出版社, , ,2002-1,634,24.00,平装,王小波作品系列,9787500646723,收录王小波在1982年出版的数十篇小说及剧本，全书分为六辑，分别为“早期作品”、“唐人故事”、“似水柔情”、“东宫·西宫”、“中篇小说”、“黑铁时代”。,
30,玩笑,https://book.douban.com/subject/1052828/,8.4,10816,捷克,米兰·昆德拉,上海译文出版社,Žert,蔡若明,2003-6,407,24.00,简裝本,米兰·昆德拉作品系列（2003版）,9787532730759,“我也同样清楚，一旦越过那条界线，我就不再晚了，我会变成另外一个人，一个不知什么样的人。这种可怕的变化使我担战心惊，所以我一直在强烈的失落感中拼命寻求爱情。这种爱情，应该让我能继续生活在往昔与今日一致的爱情憧憬、爱情理想之中，因为我不愿意把我的生活从中间分割，我要它自始至终贯穿如一。 个人历史除了它本身的发生之外，也还告示什么吗？尽管我抱着怀疑，但我仍然残留着一丝非理性的迷信，例如坚信落在我身上的一切事件总有它的含义，它表明某个东西；还有生活通过它本身的历史，在向我们说话，给我们渐次揭示某个秘密，它就像一幅字谜画让你去猜，我们所经历过的各种历史同时组成一部生活的神话，而这一部神话中就藏着解开奥秘和真理的钥匙。这是幻觉吗？可是甚至是真实可信的，但我无法抑制想要持续不断地解开我自己生活之谜的愿望。” ---摘自本书 -------------------------------- 作者介绍：米兰·昆德拉(1929～ ) 捷克小说家，生于捷克布尔诺市。父亲为钢琴家、音乐艺术学院的教授。生长于一个小国在他看来实在是一种优势，因为身处小国，“要么做一个可怜的、眼光狭窄的人”，要么成为一个广闻博识的“世界性的人”。童年时代，他便学过作曲，受过良好的音乐熏陶和教育。少年时代，开始广泛阅读世界文艺名著。青年时代，写过诗和剧本，画过画，搞过音乐并从事过电影教学。总之，用他自己的话说，“我曾在艺术领域里四处摸索，试图找到我的方向。”50年代初，他作为诗人登上文坛，出版过《人，一 座广阔的花园》（1953）、《独白》（1957）以及《最后一个五月》等诗集。但诗歌创作显然不是他的长远追求。最后，当他在30岁左右写出第一个短篇小说后，他确信找到了自己的方向，从此走上了小说创作之路。 1967年，他的第一部长篇小说《玩笑》在捷克出版，获得巨大成功，连出三版，印数惊人，每次都在几天内售罄。作者在捷克当代文坛上的重要地位从此确定。但好景不长。1968年，苏联入侵捷克后，《玩笑》被列为禁书。昆德拉失去了在电影学院的职务。他的文学创作难以进行。在此情形下，他携妻子于1975年离开捷克，来到法国。 移居法国后，他很快便成为法国读者最喜爱的外国作家之一。他的绝大多数作品，如《笑忘录》（1978）、《不能承受的存在之轻》（1984）、《不朽》（1990）等等都是首先在法国走红，然后才引起世界文坛的瞩目。他曾多次获得国际文学奖，并多次被提名为诺贝尔文学奖的候选人。 除小说外，昆德拉还出版过三本论述小说艺术的文集，其中《小说的艺术》(1986)以及《被叛卖的遗嘱》（1993）在世界各地流传甚广。 昆德拉善于以反讽手法，用幽默的语调描绘人类境况。他的作品表面轻松，实质沉重；表面随意，实质精致；表面通俗，实质深邃而又机智，充满了人生智慧。正因如此，在世界许多国家，一次又一次地掀起了“昆德拉热”。 昆德拉原先一直用捷克语进行创作。但近年来，他开始尝试用法语写作，已出版了《缓慢》（1995）和《身份》（1997）两部小说。,米兰·昆德拉，小说家，出生于捷克斯洛伐克布尔诺；自1975年起，在法国定居。长篇小说《玩笑》、《生活在别处》、《告别圆舞曲》、《笑玩录》、《不能承受的生命之轻》和《不朽》，以及短篇小说集《好笑的爱》，原作以捷克文写成。最近出版的长篇小说《慢》、《身份》和《无知》，还有随笔集《小说的艺术》和《被背叛的遗嘱》，原作以法文写成。《雅克和他的主人》，系作者戏剧代表作。
31,最初的爱情 最后的仪式,https://book.douban.com/subject/4011440/,8.0,34560,英,伊恩·麦克尤恩,南京大学出版社,"First Love, Last Rites",潘帕,2010-2,199,22.00,平装, ,9787305063749,全书由八个短篇组成，分别从八个位于童年、青春期和青年等不同阶段的男性视角出发，以意识和潜意识交接地带的经验为揭示对象，有时荒唐，有时伤感，有时温柔，有时骇人，有时魔幻，却都无限接近真实，接近每个人的内心。 麦克尤恩素来擅长以冷静细腻的笔触打磨幽暗题材，赋予其精妙无双的质感。八个故事各如黑晶棱镜之一面，折射出日常生活中平凡人性所可能误陷的种种魔怔与梦魇。平地与深渊，生与死，真实与玄幻，伦常与变态之间的界限恍若蛛丝般轻薄，看后令人或怅然或倒吸凉气，同时又觉得其魔力不可抗拒。 以如此短薄篇幅，麦克尤恩却惊才遽现，征服了文坛。所录每一篇都可谓杰作，令人过目难忘。此书是阅读和了解这位天才作家的最佳切入点。 《最初的爱情，最后的仪式》是麦克尤恩的处女作与成名作。,伊恩·麦克尤恩，1948年生，英国当代著名作家。1975年以处女作短篇小说集《最初的爱情，最后的仪式》成名，并获次年毛姆奖。此后佳作不断，迄今已出版十几部既畅销又获好评的小说，并荣获过包括布克奖在内的多项文学大奖，也是今后诺贝尔文学奖的大热人选。 译者 潘帕，生化学博士后，后弃研从实业，闲时读书，著有《虚构即真实》博客一处，并译有《芒果街上的小屋》、《神谕之夜》、《圣诞忆旧集》和《沉溺》。
32,废都,https://book.douban.com/subject/1417905/,7.1,18963, ,贾平凹,北京出版社, , ,1993,527,12.50,平装, ,9787200019865,荆歌： 许多时候，性爱的描写成全了整个作品。比如沈从文，他作品中的性爱，使我们感到性是一种多么美好的东西，很健康，很正常，生机勃勃的。但有时候，性描写，会毁了一部作品。我觉得贾平凹的《废都》就是一个最好的例子。我是十分喜欢《废都》这部作品的。我觉得它是20世纪末的绝唱，很多年以后，人们可以在《废都》中深刻了解中国20世纪末的社会面貌和世俗精神。但是，这部作品因为有大量露骨的性描写（我无法判定它是有必要还是没必要），让它授人攻讦诟病以把柄。人们可以单凭这一点就把这部作品灭了。就像以前灭一个人，说他“生活作风”有问题，这个人就无论如何也崇高不起来了。其实，《废都》有没有性描写，我以为都无损于它的优秀。 叶兆言： 《废都》当然是因为有了性更优秀。作者做了一道美味佳肴，很多人不是用嘴去品尝，而是在谈它应该不应该写性，讨论应该不应该有方框，太可惜了。荆歌： 更让人哭笑不得的是，常常还要深入研究作者这么做的动机。 李敬泽： 《废都》里的那些框框有一种反讽效果，它拓展了意义空间，指涉着禁制、躲闪，也指涉着禁制、躲闪的历史，它与主人公的经验有一种紧张关系。如果去掉，这部小说就少了一重意思。 荆歌： 敬泽这一说倒是头一次听闻，很有道理！新版《废都》听说把方框都补了出来，应该是没有必要。 ——摘自《谈性正浓》,贾平凹的《废都》的简介（来自“搜搜问问”） 该作40余万字，载《十月》1993年第4期。小说以历史文化悠久的古都西安当代生活为背景，记叙“闲散文人”作家庄之蝶、书法家龚靖元、画家汪希眠及艺术家阮知非“四大名人”的起居生活，展现了浓缩的西京城形形色色“废都”景观。 小说核心人物庄之蝶，在他身上可能影印了作者的痕迹。他集合了现代都市生活赋予一个名人复杂多面的特征：不喜拘束、洒脱行意、豪饮畅谈、学识渊博，颇具“魏晋风度”。然而，透过这些表象，古城墙夜里的埙声，实则契合了他内心深处最孤独的痛苦。 40万字篇幅中，作者以庄之蝶与几位女性情感的纠葛为主线，以阮知非等诸名士穿插叙述为辅线，笔墨浓淡相宜，时有“笑口常开”一类时政幽默小景展现，活跃了气氛，激活了读者思路，令人叫绝。 贾平凹不愧为写女性系列的大手笔，在诸多女性中，唐宛儿、柳月、牛月清为他塑造最为成功也最倾心的鲜明人物。在这些充满灵性、情感聪慧而富有古典悲剧色彩的人物身上，体现出作者至高的美学理想。这种美学观念植根于西京城现实生活的土壤上，却又被浸染了理想的光辉，因这理想的璀灿，造就了不同凡俗的品味，为作品埋下不可挽落的悲哀。这是自然美落入现代城市的悲哀，体现了人类现代文明发展自身的某种必然。唐宛儿被押潼关受辱，柳月嫁残疾的市长儿子，牛月清离婚、钟主编患癌辞世、阿灿避而不现、慧明堕胎与景雪荫官司败北，最后庄之蝶只有灰溜溜踏上南行列车，小说的结局弥漫了找不到出路的痛苦与孤独。 小说充满了浓厚的悲剧色彩。它将自然美有血有肉丰满地呈现给读者，然后再一件件将其撕毁。牛与破烂老者是小说中两个重要角色。以牛的独特视角这一荒涎手法的引用，寄托了作者强烈的回归自然意识，破烂老者不经意的民谣，传递出对现代生活的负面反讽。 这部小说还涉及了露骨性行为的描写，令人惊悚。这些最原始的描写，展现了人于无奈之下隐藏的自然冲动。在这里，性的结合只能是苟且的获得一丝动物性的安慰。也正是这性的展现，反映了庄之蝶内心深处纠缠着灵与肉的冲撞与追求。 《废都》的性描写、主题思想的某种颓废（隐约着对现代文明的悲观反思），成为《废都》引起争议的内在原因。近闻，某出版社要继续出版《废都》，建议作者进行适当的删节。对此，贾平凹执意不从。可以猜测，关于《废都》的文学、美学、社会学等诸方面意义的讨论，仍然会成为以后文学评论的一大关注点。但《废都》终是功不可没的，这不是因为它是作者的第一部城市长篇小说，而是因为它是贾平凹多年文学创作的集大成者。《废都》，毕竟是经过作者深思熟虑的，充分体现了现实主义意蕴的长篇力作。 落魄书生   2008-06-08 17:56
33,我的路3,https://book.douban.com/subject/1819974/,8.7,14742, ,寂地,黑龙江美术出版社, , ,2006-5,123,20.00,平装,我的路 MY WAY,9787531815860,我们知道，蓝色是天空的颜色，蓝色是大海的颜色，蓝色是我们生长的星球的颜色；蓝色深一些是给予天地安眠的黑夜，蓝色浅一些是万物生命的翠绿。“悲伤是饼干，安静地发霉。过三天它会变成漂亮的绿色霉斑，不能吃下它，也可以拍张照片做纪念。”当蓝色和饼干组合在一起，又会发生怎样的化学变化？《我的路3》就是蓝色的饼干，蓝色的童话，就是向不再相信浪漫、城堡、骑士和灰姑娘的所谓“成熟的大人”叙说一段成长的、爱情的、美丽的、忧伤的、浪漫的童话。 每一个人都在人生的道路上走着，有的人小心翼翼，有的人昂首阔步，有的人目标坚定，有的人步履维艰……惟一相同的就是大家的脚步被繁忙枯燥的现实生活所淹没，童话的弧线顺着戴着眼镜的男生的眉梢，滑过苍白忧郁的女生长长的裙摆边缘，从此之后王子和公主虽然摩擦不断却依然过着快乐而幸福的生活。 书中的主角是头戴礼帽的旅行者，他就像中世纪欧洲的吟游诗人，走过每一条街道，遇到千千万万的人，历经喜喜悲悲的故事，用足迹记叙成长、记载历史。向读者传递一些细小却真实的感动，一点一滴地，悄无声息地，当我们每一次驻足抬头望向天空，都会记起这些感动，记起蓝色的饼干，记起蓝色的童话。,寂地，祖雅乐，国内新晋女漫画插画家。风格别致优美，其代表作品《我的路》获得2004年东方国际原创动画漫画艺术大赛金龙奖最佳绘本漫画奖。
34,潜水钟与蝴蝶,https://book.douban.com/subject/2243692/,7.8,9856,法,让-多米尼克·鲍比,南海出版公司,The Diving Bell and the Butterfly,邱瑞銮,2007-9,128,20.00,精装,新经典文库·人生精选,9787544238144,《潜水钟与蝴蝶》的作者身已残疾，不久于人世，但是整日思考的，却不是自己的疾病，也不是自己的“未来”，而是冷静地思索着人来到这个世间所会遇到的一些大问题小问题——一些怎么也绕不过去的问题，诸如爱情、信仰、慈悲、良知以及安乐死、福利社会等等，作者在自己的思索中提出了自己的深刻见解，有忧虑，有嘲笑，有悲伤，有欢乐，还有愤怒，但是，字里行间，无不透出巨大的乐观与豁达，从而给人以力量，给人以希望。,让－多米尼克·鲍比，1952年生，在巴黎求学。后任记者数年。1991年，出任法国《ELEE》杂志总编辑。1995年12月8日，突发脑中风。1997年3月9日，去世。
35,雪国 古都,https://book.douban.com/subject/1053759/,8.4,14693,日,川端康成,广西师范大学出版社, ,叶渭渠,2002-2,250,17.80,平装,川端康成文集,9787563334483,《雪国》描写了成年人的情感，缠绵而幽怨，是作家精心营造的境界，具有空灵之美。第一段描写窗上的暮景流光更是成了摘抄的名文。这部作品并无较多的情节，着重表现的是在雪国那独有的地方风光中，岛村和驹子相互间的感情交流和性爱生活。,川端康成（1899-1972），日本小说家，新感觉派代表作家之一。他的作品有印象主义色彩，意境新颖，同时由于受佛教影响较深，作品常带有消极悲观情调。代表作有《雪国》、《古都》、《睡美人》、《伊豆的舞女》等。川端康成获1968年诺贝尔文学奖，是继泰戈尔之后第二个获此项殊荣的东方作家。
36,双生水莽,https://book.douban.com/subject/2042966/,6.9,5427, ,田原,中信出版社, , ,2007-4,179,22.00,平装28开, ,9787508608532,这是一个青春女孩迷茫、痛苦、离奇的成长经历，作者用她空灵、飘逸、流畅、细腻笔触，将陈言生动的青春画卷展现在我们面前。她敏感，她无助，她焦虑，她冲动，我们的心都在跟着双生的水莽、跟着象鱼在游动，游向不知的未来。 这本书是关于一些逃避成为自己的孩子，是关于科特·科本情结，是关于糟糕的高中时期，是关于从武汉到北京的变迁，或者说是一颗双生水莽，但更多是关于陈言和程克。他们对过于熟悉对方，关系就像一团气体，看不清，甚至看不见，但始终软软地包裹两个；在成长的过程中，爱护对方，也伤害对方，并且一次又一次错过对方；熬过了苦闷的高三，结束了各自不成形的恋爱，从武汉来到北京上大学。但这并不是一个漂亮的新开始，他们的生活反而越来越远，开始一路狂奔，不知去向何处。,田原是当红的青春歌手，演员兼作家，备受年轻人追捧，被誉为最具国际化魅力女歌手，最具国际市场潜力的青少年作家，曾经获得香港电影金像奖最佳新人奖，台湾金马奖最佳新人奖，香港金紫荆奖最佳女配角提名。
37,半生缘,https://book.douban.com/subject/1963684/,8.6,80345, ,张爱玲,北京十月文艺出版社, , ,2006-12,372,28.00,精装,张爱玲集,9787530208694,他和曼桢认识，已经是多年前的事了。算起来倒已经有十四年了——真吓人一跳！马上使他连带地觉得自己已老了许多。日子过得真快，尤其对于中年以后的人，十年八年都好像是指顾间的事。可是对于年轻人，三年五载就可以是一生一世。他和曼桢从认识到分手，不过几年的工夫，这几年里面却经过这么许多事情，仿佛把生老病死一切的哀乐都经历到了。 曼桢曾经问过他，他是什么时候起开始喜欢她的。他当然回答说：“第一次看见的时候。”说那句话的时候是在那样的一种心醉的情形下，简直什么都可以相信，自己当然绝对相信那不是谎话。其实他到底是什么时候第一次看见她的，根本就记不清楚了。,张爱玲，1920年9月30日出生於上海，原名张煐。1922年迁居天津。1928年由天津搬回上海，读《红楼梦》和《三国演义》。1930年改名张爱玲，1939年考进香港大学，1941年太平洋战争爆发，投入文学创作。两年後，发表《倾城之恋》和《金锁记》等作品，并结识周瘦鹃、柯灵、苏青和胡兰成。1944与胡兰成结婚，1945年自编《倾城之恋》在上海公演；同年，抗战胜利。1947年与胡兰成离婚，1952年移居香港，1955年离港赴美，并拜访胡适。1956年结识剧作家赖雅，同年八月，在纽约与赖雅结婚。1967年赖雅去世，1973年定居洛杉矶；两年后，完成英译清代长篇小说《海上花列传》。1995年九月逝於洛杉矶公寓，享年七十四岁。
38,鬼吹灯之昆仑神宫,https://book.douban.com/subject/1938591/,7.9,29314, ,天下霸唱,安徽文艺出版社, , ,2006-12,307,28.00,平装,鬼吹灯,9787539628363,《鬼吹灯》是部奇书，小说中作者首创历史上四大盗墓门派——摸金、卸岭、发丘、搬山，其中摸金是技术含量最高，规矩最多的门派。“人点烛，鬼吹灯”是传说中摸金派的不传之秘，意为进入古墓之中先在东南角点燃一支蜡烛才能开棺，如果蜡烛熄灭，须速速退出，不可取一物。相传这是祖师爷所定的一条活人与死人的契约，千年传承，不得破。有谚为证：发丘印，摸金符，搬山卸岭寻龙诀；人点蜡，鬼吹灯，勘舆倒斗觅星峰；水银癍，养明器，龙楼宝殿去无数；窨沉棺，青铜椁，八字不硬莫近前。 故事以一本家传的秘书残卷为引，讲述三位当代摸金校尉，为解开部族消失的千古之谜，利用风水秘术，解读天下大山大川的脉搏，寻找一处处失落在大地深处的龙楼宝殿。毕竟那些龙形虎藏、揭天拔地、倒海翻江的举动，都迵异庸俗，在离奇诡异的地下世界中，历史的神秘面纱正一层层地被揭开…… 如何解开雮尘珠的秘密？所有的线索都指向雪域藏地。香港古董商明叔为了寻找《格萨尔王》中传说的魔国冰川水晶尸，雇请胡八一等三位摸金校尉入藏寻找。 一行九人进入青藏文明的发源地之一、300多年前神秘消失的古格王国遗址，寻找古格银眼，据说它是藏地的地理座标，可以断定冰川水晶尸就在喀拉米尔，而且许多线索都与雮尘珠暗合。 在喀拉米尔的龙顶冰川，独眼白狼王率领狼群守护着冰川下的秘密；九层妖塔下埋葬的水晶自在山引发了雪崩；一条隧道直通风蚀湖，这里是白胡老鱼和斑纹鲛的战场，它们到底在争夺什么，是风蚀湖的霸主地位，还是在“戏珠”？翻过湖边的山冈，一座石窟中的城市展现在眼前，城中灯火通明，死气沉沉……,天下霸唱，原名张牧野，天津人氏。一时兴起写了《鬼吹灯》，没想到在网上广受吹捧。
39,复活,https://book.douban.com/subject/1255288/,8.1,20827,俄,列夫·托尔斯泰,人民文学出版社, ,汝龙,1979-3,477,19.90,平装,世界文学名著文库,9787020022335,长篇小说《复活》(1889～1899)是托尔斯泰晚年的代表作，情节的基础是真实的案件。贵族青年聂赫留道夫诱□姑母家中养女、农家姑娘卡秋莎·玛斯洛娃，导致她沦为妓女；而当她被诬为谋财害命时，他却以陪审员身份出席法庭审判她。这看似巧合的事件，在当时社会却有典型意义。小说一方面表现作者晚年代表性主题──精神觉醒和离家出走；主要方面则是借聂赫留道夫的经历和见闻，展示从城市到农村的社会阴暗面，对政府、法庭、监狱、教会、土地私有制和资本主义制度作了深刻的批判。不过，作品的后面部分，渐渐突出了不以暴力抗恶和自我修身的说教。托尔斯泰的力量和弱点，在这里得到最集中最鲜明的表现。,列夫·尼古拉耶维奇·托尔斯泰(ЛевНиколаевич Толстой)(1828～1910) 19世纪末20世纪初俄国最伟大的文学家，也是世界文学史上最杰出的作家之一，他的文学作品在世界文学中占有重要的地位。代表作有长篇小说《战争与和平》、《安娜·卡列尼娜》、《复活》以及自传体小说三部曲《幼年》《少年》《青年》。其它作品还有《一个地主的早晨》《哥萨克》《塞瓦斯托波尔故事集》等。他也创作了大量童话。他以自己一生的辛勤创作，登上了当时欧洲批判现实主义文学的高峰。他还以自己有力的笔触和卓越的艺术技巧辛勤创作了“世界文学中第一流的作品”，因此被列宁称颂为具有“最清醒的现实主义”的“天才艺术家”。 托尔斯泰思想中充满着矛盾，这种矛盾正是俄国社会错综复杂的矛盾的反映，是一个富有正义感的贵族知识分子在寻求新生活中，清醒与软弱、奋斗与彷徨、呼喊与苦闷的生动写照。托尔斯泰的作品纵然其中有反动的和空想的东西，但仍不失为世界进步人类的骄傲，他已被公认是全世界的文学泰斗。列夫·托尔斯泰被列宁称为“俄国革命的镜子”
40,神的孩子全跳舞,https://book.douban.com/subject/1035362/,7.9,13087,日,村上春树,上海译文出版社, ,林少华,2002-6,152,13.50,平装,村上春树文集（2001版）,9787532728879,《神的孩子全跳舞》是村上春树2000年出版的一部短篇小说集，共6篇。各篇都以1995年日本大阪、神户大地震为背景，描写经历巨变的人们对自己以往人生的重新认识。他们有的丢开过去的种种顾虑，终于与爱慕已久的女子共同生活；有的终于吐露了久积胸中的郁闷，获得了精神的自由；有的小人物在巨变面前发现了自己的力量，干出了惊天动地的壮举。这些作品表现了村上春树对人生的深层思考，被评价为村上春树的转折期之作。,村上春树（1949- ），日本小说家。曾在早稻田大学文学部戏剧科就读。1979年，他的第一部小说《听风之歌》问世后，即被搬上了银幕。随后，他的优秀作品《1973年的弹子球》、《寻羊冒险记》、《挪威的森林》等相继发表。他的创作不受传统拘束，构思新奇，行文潇洒自在，而又不流于庸俗浅薄。尤其是在刻画人的孤独无奈方面更有特色，他没有把这种情绪写成负的东西，而是通过内心的心智性操作使之升华为一种优雅的格调，一种乐在其中的境界，以此来为读者，尤其是生活在城市里的人们提供了一种生活模式或生命的体验。
41,上学记,https://book.douban.com/subject/1859140/,8.9,13966, ,何兆武 / 文靖,生活·读书·新知三联书店, , ,2006-8,287,19.80,平装, ,9787108025104,何兆武教授的这部口述浓缩了20世纪中国知识分子的心灵史。它叙述的尽管只是1920年代-1940年代末不足30年间他学生时期的陈年往事，却蕴含着一个饱经沧桑的老人对整个20世纪历史的反思，对我们重新认识过往、观察现在以及展望未来都有着重要的启迪，这大概是这本书能够激起读者广泛共鸣的原因。这本书同时又是很个性化的，何先生不惮于表露自己的真情实感，不忌讳议论先贤的道德文章，既树立了理性的尊严，又使自己的性情展露无遗。在目前这个功利滔滔的的世界上，何先生对知识与真理的热诚仿佛一股清泉，可以冲洗那些被免得熏染的心灵，使其复现润泽。这也是老一代知识分子风范的存照。任何津津乐道于名人八卦消息的解读，都大大偏离了何先生的志趣。久已厌倦标签化历史著作的读者，可以从这本书中获得丰富、鲜活的历史体验，特别是今天“上学者”和“治学者”，或可藉此思考一下，学应该如何上、如何治。 ——中华读书报,何兆武，1921年生于北京，原籍湖南，西南联大历史系毕业。曾任中国社科院历史所研究员，清华大学思想文化研究所教授，德国马堡大学客座教授。多年致力于中国思想史、西方思想史、历史哲学的教学与研究。译述康德、卢梭、罗素、帕斯卡、孔多塞等西方思想家的学术经典20余种。论著先后结集为《历史与历史学》（香港，牛津大学出版社）、《历史理性批判论集》（北京，清华大学出版社）、《中西文化交流史论》（北京，中国青年出版社）等。
42,了不起的盖茨比,https://book.douban.com/subject/1008988/,8.4,117843,美,菲茨杰拉德,人民文学出版社,The Great Gatsby,姚乃强,2004-06,192,12.00,平装,名著名译插图本,9787020046089,盖茨比为了久久地抱着的一个梦而付出了很高的代价。他死后，尼克发觉是汤姆暗中挑拨威尔逊去杀死盖茨比。他感到东部鬼影幢幢，世态炎凉，便决定回中西部老家去。这是一个简单的故事，却有着极悲凉的人生况味。,《了不起的盖茨比》(名著名译插图本)弗·司各特·菲茨杰拉德（1896-1940），美国二十世纪最杰出的作家之一。《了不起的盖茨比》是他最著名的代表作。二十世纪二十年代的美国，空气里弥漫着欢歌与纵饮的气息。一个偶然的机会，穷职员尼克闯入了挥金如土的大富翁盖茨比隐秘的世界，惊讶地发现，他内心惟一的牵绊竟是对河岸那盏小小的绿灯——灯影婆娑中，住着心爱的黛西。然而，冰冷的现实容不下缥缈的梦，到头来，盖茨比心中的女神只不过是凡尘俗世的物质女郎。当一切真相大白，盖茨比的悲剧人生亦如烟花般，璀璨只是一瞬，幻灭才是永恒。一阕华丽的“爵士时代”的挽歌，在菲茨杰拉德笔下，如诗如梦，在美国当代文学史上留下了墨色浓重的印痕。
43,富爸爸，穷爸爸,https://book.douban.com/subject/1033778/,8.3,76203, ,（美）罗伯特・T・清崎 / 莎伦・L・莱希特,世界图书出版公司,"Rich Dad, Poor Dad",杨君 / 杨明,2000-09,205,18.80,平装,富爸爸，穷爸爸,9787506246743,《富爸爸，穷爸爸》是一个真实的故事，作者罗伯特・清崎的亲生父亲和朋友的父亲对金钱的看法截然不同，这使他对认识金钱产生了兴趣，最终他接受了朋友的父亲的建议，也就是书中所说的。“富爸爸”的观念，即不要做金钱的奴隶，要让金钱为我们工作，并由此成为一名极富传奇色彩的成功的投资家。,罗伯特・T・清崎（Robert T． Kiyosaki），他教人们成为百万富翁，这就是为什么人们称他为百万富翁学校的教师的原因。  “人们在财务困境中挣扎的主要原因是：他们在学校里学习多年，却没有学到任何关于金钱方面的知识。其结果是，人们只知道为金钱而工作……但从来不学着让金钱为自己工作。”罗伯特这样说。  罗伯特生在夏威夷，长在夏威夷，是第四代日裔美国人。他出生于一个教师家庭，父亲在夏威夷州教育部任职。高中毕业以后，罗伯特在纽约接受教育，大学毕业后加人了美国海军陆战队，作为军官和舰载武装直升机驾驶员，被派往越南战场。  从战场上归来后，罗伯特开始了自己的商业生涯。1977年他创立了一家公司，首次将用尼龙和“维可牢”搭链制成的“冲浪者”钱包投放市场，后来这一产品在世界范围内成长为价值数百万美元的产业。他和他的产品在《赛马世界》、《绅士季刊》、《成功杂志》、《新闻周刊》上被广泛介绍。  1985年，他离开商界，与别人共同创建了一家国际教育公司。这家公司在七个国家设有办事处，向成千上万的学生教授商业和投资课程。他主持的长达一年的节目通过怀旧有线网在全美播放，以传播他的教育理论。  罗伯特在47岁时退休，做起他最喜欢的事情――投资。深感“有产者”与“无产者”之间不断扩大的鸿沟，罗伯特发明了一种教育玩具――“现金流”纸板游戏，并用它教会人们去玩那些在以前只有富人们懂得的金钱游戏。  虽然罗伯特经营的是房地产和小型公司，但他真正爱好和热衷的却是教育。他曾和沃格・曼了诺、 Zig Zedar和安东尼，罗宾斯等人一道同台演讲。罗伯特・T・清崎要传递的信息是清楚的。“为你的财务负起责任或一生只听从别人的命令，你要么是金钱的主人，要么是金钱的奴隶。”罗伯特举办过长到一周短到一小时的辅导班，教给人们有关富裕的秘密，虽然他的主题是通过投资来获得低风险的高回报，以及教会孩子们致富、教人们创立公司并将其出售，但他发出了一个强烈的信息，这个信息就是：你的天赋正等待被开发出来，请唤醒你的理财天赋。辅导班大部分参加者会高兴地离开，也有的很恼火，但每个参加过的人都深深地被打动了。  世界著名的演讲家和作家安东尼・罗宾斯这样评价罗伯特的工作： “罗伯特・T・清崎所做的教育是有巨大影响力的、深刻的，也可以说是改变人生道路的工作，我对他的努力极为敬佩和推崇。”  在经济变革迅猛发展的新世纪，罗伯特的话将是无价之宝。莎伦・ L・莱希特（ Sharon L．Lechter）  作为一位妻子和三个孩子的母亲，作为一位注册会计师，玩具和出版业的一位资深经理和咨询专家，莎伦・L・莱希特把她的专业知识奉献给了教育事业。  她毕业于佛罗里达州立大学萨马卡姆劳德学院，获会计学学位。随后，她进人了当时的八大会计师事务所之一，成为脐身这一行业的首批妇女。后来，她陆续做过电脑行业的一家增长迅速的公司的财务总监，一家全国性保险公司的税务指导，威斯康辛州第一家地区性妇女杂志的创刊者和联合出版者。同时她还一直保持着一位注册会计师的职业声誉。  她对自己孩子的成长十分关注，为此，她将自己的努力重点转向了教育领域。让孩子读书简直比登天还难，他们更爱看电视，而电视上的少儿节目降低了他们对于阅读的兴趣。她意识到学校根本没有采取有效行动来 面对这一挑战。  因此，她加人了创造第一本电子书籍――“会说话的书”的努力，这一产业如今已发展成为一个价值数百万美元的国际市场产业。在通过借助新技术将书籍带回到孩子们的生活中的努力中，她一直站在前列。  随着孩子们的成长，她更热情的投人到对他们的教育中去。她成为积极推动加强数学、计算机、阅读和写作等方面教育的活跃分子。她坚持不懈为提高整个教育系统的效率而奋斗。  “今天我们的教育体制已不能跟上全球变革和技术创新的步伐。我们不仅要教育我们的年轻人在学术上的技能，也要教育他们理财的技能，这不仅是他们在这个世界上生存下去，而且是生活得更美好所必须具备的技能。”  作为《富爸爸，穷爸爸》一书的作者之一，她将自己的注意力转向现行教育体制的一大缺憾，即对财务基础知识教育的完全忽视上。对任何有兴趣提高自己的财商和改善财务状况的人来说，《富爸爸，穷爸爸》一书都是一个很好的教育工具。
44,娱乐至死,https://book.douban.com/subject/1062193/,8.5,40242,美,尼尔·波兹曼,广西师范大学出版社,Amusing Ourselves to Death,章艳,2011-6,188,29.80,精装,理想国 人文精选,9787563344970,《娱乐至死》是对20世纪后半叶美国文化中最重大变化的探究和哀悼：印刷术时代步入没落，而电视时代蒸蒸日上；电视改变了公众话语的内容和意义；政治、宗教、教育和任何其他公共事务领域的内容，都不可避免的被电视的表达方式重新定义。电视的一般表达方式是娱乐。一切公众话语都日渐以娱乐的方式出现，并成为一种文化精神。一切文化内容都心甘情愿地成为娱乐的附庸，而且毫无怨言，甚至无声无息，“其结果是我们成了一个娱乐至死的物种”。,尼尔・波兹曼（1931-2003），世界著名的媒体文化研究者和批评家，生前一直在纽约大学任教。他在纽约大学首创了媒体生态学专业。直到2003年，他一直是文化传播系的系主任。2003年10月波兹曼去世后，美国各大媒体发表多篇评论，高度评价波兹曼对后现代工业社会的深刻预见和尖锐批评。 波兹曼出版过20余部著作。他的主要著作包括《娱乐至死》、《童年的消逝》、《技术垄断》、《教学：一种颠覆性的活动》（合作者：查尔斯・韦恩加特纳）、《教学：一种保存性的活动》、《诚心诚意的反对》、《疯狂的谈话，愚蠢的谈话》、《如何看电视》、《建造通向18世纪的桥梁：过去怎样改变未来》。其中《娱乐至死》和《童年消逝》已译成多种文字在许多国家出版。
45,海底两万里,https://book.douban.com/subject/1085470/,8.6,100165,法国,儒尔·凡尔纳,译林出版社, ,沈国华 / 钱培鑫,2002-9,414,19.50,精装,译林少儿文库,9787806574317,本书是法国举世闻名的科幻小说作家儒尔·凡尔纳的代表作之一。 作者让读者登上“鹦鹉螺号”，以平均十二公里的时速，在将近十个月的海底旅行中，随着尼摩船长和他的“客人们”饱览海底变幻无穷的奇异景观和各类生物；航程中高潮迭起，有海底狩猎，参观海底森林，探访海底亚特兰蒂斯废墟，打捞西班牙沉船的财宝，目睹珊瑚王国的葬礼，与大蜘蛛、鲨鱼、章鱼搏斗， 击退土著人的围攻等等。 十九世纪下半叶，“异国风情”曾受到不少作家，画家的青睐和读者的追捧，《海底两万里》的奇妙旅行为异域风情另辟蹊径，使人耳目一新；这就是为什么这部“海洋小说”不仅在当时一出版即成为畅销书，而且日后受到一代又一代读者欢迎的原因。,
46,再见了，可鲁,https://book.douban.com/subject/1001193/,8.6,13826,日,石黑谦吾 撰文 / 秋元良平 摄影,南海出版公司, ,[日] 猿渡静子 译,2003-1,155,25.00,精装, ,9787544223447,可鲁是一条聪明的、一生都在工作的狗。1986年6月25日到1998年7月20日，这是它的一生。所有和可鲁打过交道的人，都把可鲁当成一个鲜活的生命来看。它从来不是小狗，它有名字，它是人们心中的“可鲁”、“小可”、“阿可”…… 可鲁最可贵的是，它有特别诚挚的性格，坦率、随性、闲适、安然、忠诚，以一生的机敏来帮助人，情感激烈，却又十分克制、忍耐、低调。可鲁就像人们生活中时时想遇见的一个“好人”。 可鲁的一生，被人善意地记录了下来，写成了这本书——《再见了，可鲁》。,石黑谦吾，1961年生于日本金泽市。曾任杂志编辑。著有《考题中不会出现的日本图表式结构》等，并曾承担《赌命的最后句点》、《结婚》等书的策划与编辑。 秋元良平，1955年出生。毕业于东京农业大学畜牧系。曾任报社特约摄影记者，现为自由摄影家。出版过的作品有《成为导盲犬的可鲁》、《老人与狗》、《导盲犬可鲁》等。 猿渡静子，1994年留学北京，2001年获北京大学博士学位。1987年开始发表中文作品，有小说、散文等数十篇散见于各大报刊，曾荣获花城文学奖。
47,unknow,https://book.douban.com/subject/1025723/,unknow,unknow, , ,, , , , , , , , ,,
48,伯爵該隱 ~ 诅咒之子,https://book.douban.com/subject/1439216/,8.7,10817, ,由貴香織里,文化傳信有限公司, , , , ,30, , ,9789626803066,"“你的过去与未来都是一片黑暗，那是没有结果的迷宫……王者站在尸堆中……永远的彷徨”。 年少的伯爵拥有一双金绿色的眼眸---而那便是有罪的证明。 背负着古老家族的哀荣，该隐·C·哈利斯在十二岁便继承了伯爵的爵位，过着衣食无虞的生活。现年十七岁的该隐常常身着黑衣，英俊、优雅，似乎很符合人们对于贵族的印象。然而他却有一个人尽皆知的诡异兴趣--收集毒药。 “该隐”，那是，第一个杀死自己亲人的人类的名字。 似乎所有的不幸都围绕着这个以""该隐""为名的少年，不间断地发生着。 他是姐弟乱伦的孩子，自出生起诅咒和杀意就时刻伴随身边。 该隐很显然是设定为""黑羊""存在。既是罪的化身，又是无辜的牺牲品的代表。 在这个浑浊的世界里，他用他的手去惩罚满手鲜血的罪人，他用他的手去帮助无助的人，但他不是救世主，他不过也是那身陷黑暗的人之一，他也是个染满鲜血的罪人，而他的帮助，通常只会给自己带来更多的不幸和无奈。 一个个短小精悍的故事，讲述着人性无法避免的恶毒与脆弱。十九世纪没落的维多利亚皇朝统治，充彻着黑暗与无奈，上流社会的贵族们沉浸在酒肉财色中，人心的腐化带了来整个社会的不稳定，杀妻弑子，戕父乱伦的行为屡见不鲜，迂腐可笑的家族联姻、彼此利用的人际交往使所有人卷入悲剧中却不自知更无法自拔。《毒伯爵该隐》中可以说没有一个真正纯洁的存在，但是，还是有善良和爱。 生存，也许是《毒伯爵该隐》的主题。即使不幸，即使要伤害别人，该隐也要生存下去。如果不继续坚强地活下去，如果不继续在这样肮脏罪恶的社会生存下去，那就什么都无法做了。尽管讨厌，尽管被背叛，尽管无奈，但还是要生存下去。也许，这就是作者由贵小姐要传递的讯息吧。 由贵借《毒伯爵该隐》给我们展示了一幅甜腻柔美的画卷。红色是血的鲜红，蓝色，是泪的冰蓝，夜的黑。那个离我们遥远的时代，真实地，毫无保留地展现在我们眼前。然而，这种空虚，颓废的味道经历了几个世纪的的洗涤却依旧如此熟悉。由贵并没有告诉我们答案。由贵只是借着她的画笔，把她的所见，所闻，所感受的的事物，通过该隐这一人物的牵引，展现在我们面前。 《毒伯爵》的故事假想了一个有著邪恶地下组织,首脑是一度消失的该隐爸爸,以毁灭世界为乐,并以看到自己的亲人错综复杂的爱恋及相互残杀来得到高潮,在贵族华丽的皱摺、宝石,与少女闪著光的大眼睛、及腰的蜷发、与蓬蓬裙下,处处是乱伦、屍体、鲜血、与复仇,但是这里有光,该隐背负著乱伦的罪孽,却拥有世界上最纯净的心灵,将自己隔绝於所有人之外的孤独灵魂,却不凡地吸引所有堕落的人在他澄澈的双眼中获得救赎,所以每篇故事到最後都是感人的,那些杀人不眨眼凶手,都是源自於无可救药的爱。",作者：由贵香织里 生日：12月18日 出生地点：日本东京市 血型：B 星座：射手座 性格特点：易冷易热的女人，毫无记忆和毅力 处女作：1987年的《夏服的绘理依》 很早就开始学习漫画的由贵香织里，其第一年的习作是《吸血鬼之恋》。得到漫画挑战赛准入选奖的《爱情追缉令》是她在刊载处女作前的最后一部习作，曾被由贵笑称为不可能会得奖的作品。1987年，由贵的处女作《夏服的绘理依》在《别册花与梦》秋之号上刊载，受到读者的欢迎，从此，由贵就一发不可收拾——《残酷的童话》、《沙砾王国》、《戒音》、《毒伯爵该隐》、《天使禁猎区》，部部佳作接连推出，不仅强力震撼了众多读者，也在世纪末的日本漫坛刻下了“由贵香织里”的大名 出道前作品：《When A Heart Beats》 1987年 《夏服的绘理依》 1987年 《恶魔一族》 1988年 《橘色限时炸弹》 1989年 《Tokyo Top》 1990年 《洛杉矶的惊险之旅》 1990年 《时间停止的少年》 1991年 《Double》 1992年 《回应石》 1992——1993年 《螺子》 1993年 《砂砾王国》 1991——1994年《毒伯爵该隐》、《情伤茱丽叶》、《谁杀了知更鸟》、《卡夫卡》、《赤羊之刻印》 1994——2000年 《天使禁猎区》 1996年 《戒音》 1998年 《少年残像》 2000年底 《路易革命之白雪姬》 2001年2月 《路易革命之荆棘公主》 2001年4月 《螺子》 2001年5月始 《毒伯爵该隐》连载又开!《God Child》系列 2003年 《夜行爱人专门店 》11月《 GOD CHILD》结载
49,文化苦旅,https://book.douban.com/subject/1223575/,7.8,6825, ,余秋雨,东方出版中心, , ,1992-03,320,20.00,精装,文化大散文系列,9787806272015,《文化苦旅》是余秋雨的第一部散文合集，所收作品主要包括两部分，一部分是历史、文化散文，散点论述，探寻文化；另一部分是回忆散文。,余秋雨，1946年生，艺术理论家，中国文化史学者，散文作家。现任上海戏剧学院院长、教授，上海写作学会会长。在大陆和台湾出版中外艺术史论专著多部，曾赴海内外许多大学和文化机构讲学。1987年被授予“国家级突出贡献专家”荣誉称号。入载英国剑桥《世界名人录》、《国际著名学者录》、《杰出贡献者名录》以及美国传记协会的《五千世界名人录》等。
50,照相本子,https://book.douban.com/subject/1021425/,8.4,6735, ,幾米,辽宁教育出版社, , ,2002-2,128,24.00,平装,幾米作品精选集,9787538262520,《照相本子》的概念取自于人生记忆中的片段，作者借着一张张的“虚拟照片”，创造出独特风格的童年气味。照片中的主角是一个心智年龄早己超过同龄孩子的10岁小男孩，他小小年纪就己懂得了感叹时间的流逝，并躲在孤独的角落里为小鸟的去世感到悲伤。在一张张照片中，作者捕捉的不仅是“照片留影前后的趣味”，也是照片另一方面的故事，他试图告诉我们，照片的背后总是有故事，有时候是和照片外表完全不同的故事。 《照相本子》的双数页全是一张张的相片，至于单数页就不一样了，单数页的故事也许是发生在快门落下之后，也许是在镜头照不到的角落，甚至是角色心里，底片拍不出来的内心风景。 书中镜框里没有怀旧的乡村景色，而是一幅幅孤独的城市剪影。欢乐的图像配以哀伤的文字，将一份本不该出现在童年的沧桑在不经意间流露出来。,畿米，台湾绘本作家。台湾中国文化大学美术系设计组毕业，曾在广告公司担任美术指导12年。 畿米住在台北，在家工作，为报纸、杂志、各种出版品提供图画，他喜爱现在的绘本创作事业。1998年开始创作，1999年以《向左走·向右走》一举成名，掀起港台绘本热潮。目前有多本广受欢迎的作品，卖出美、德、法、希腊、日、韩等多种版本。 作品：1998年《森林里的秘密》、《微笑的鱼》；1999年《向左走·向右走》、《月亮忘记了》、《听畿米唱歌》；2000年《黑白异境》、《森林唱游》、《我的心中每天开一朵花》；2001年《地下铁》、《照相本子》。
51,就这么漂来漂去,https://book.douban.com/subject/1440101/,7.2,13832, ,韩寒,接力出版社, , ,2005-11,163,26.00,平装16开, ,9787807321125,在《就这么漂来漂去》中，韩寒用充满激情的文字，首次描述自己三年来漂来漂去的日子，特立独行的生活岁月，充满艰难与快乐的赛车经历，以及他对人生的感悟和对青春的诠释。透过这本新作，读者可以看到一个真实的今天的韩寒。,韩寒，1982年9月23日生。作家，赛车手。
52,奇鸟行状录,https://book.douban.com/subject/1212080/,8.4,13617,日,村上春树,上海译文出版社, ,林少华,2002-11,682,30.00,平装,村上春树文集（2001版）,9787532729531,《奇鸟行状录》是村上春树篇幅最长的小说三部曲。 失业者冈田亨的妻子久美子在其兄长、众议员，黑暗势力代表人物绵谷升的胁迫下失踪了。冈田身边来了许多怪人：女巫师、“意识娼妇”、失手使男友车祸死亡的少女、旧军人等。同时也发生了许多怪事。冈田到一口深井里冥思苦想后，出来在奇怪的母子“肉豆蔻”、“肉桂”的帮助下向绵谷升挑战，在虚幻中将其击伤，久美子又在现实中将其杀死。作品色彩诡异，规模宏大，虚实交叉，被称为当代的“一千零一夜”。,村上春树（1949- ），日本小说家。曾在早稻田大学文学部戏剧科就读。1979年，他的第一部小说《听风之歌》问世后，即被搬上了银幕。随后，他的优秀作品《1973年的弹子球》、《寻羊冒险记》、《挪威的森林》等相继发表。他的创作不受传统拘束，构思新奇，行文潇洒自在，而又不流于庸俗浅薄。尤其是在刻画人的孤独无奈方面更有特色，他没有把这种情绪写成负的东西，而是通过内心的心智性操作使之升华为一种优雅的格调，一种乐在其中的境界，以此来为读者，尤其是生活在城市里的人们提供了一种生活模式或生命的体验。
53,池袋西口公园,https://book.douban.com/subject/2336093/,7.8,14577,日,石田衣良,上海人民出版社,池袋ウエストゲ-トパ-ク,千日,2008-1,306,20.00,平装,池袋西口公园系列,9787208075399,《池袋西口公园》是青春推理小说“池袋西口公园”系列的第1部。 每部小说都包括四个短篇故事，通过主角真岛诚和他的朋友串联在一起。每个故事描述一个犯罪事件，展现现代城市中少年生活的一个侧面。题材黑色，对地下社会与边缘生活描绘精准，同时作者的文笔却非常宽容、温暖，故事一方面保持青年黑暗小说的架构，另一方面具有社会、人情小说的味道。 池袋宁静的夏日夜晚，西口公园里隐隐有不安的气氛在空气中骚动。 高中毕业后在家当米虫的真岛诚因为绞杀魔事件成为公园里的金田一。他为了找出绞杀魔同时解开好友理香的死谜，以及受托寻找同学猴子爱慕的黑帮公主，而化身多种角色出入黑白两道“办案”。最后他逐渐解开各个谜题，更将变调的公园回复成原有的和平，让红蓝两帮派握手言和，过程惊险万分终于智取谋成。G少年、红天使、援交妹、自闭少年……所有在世俗社会迷失坐标的青少年，都在这座公园烙印下青春颜色，并发现自己的价值。 石田衣良具实呈现出经济高度发展又遭逢泡沫化的日本，那些边缘青少年的世界——颓废、堕落、滥交、嗑药、追求极限刺激，狂飙在犯罪界线却是最不虚伪的一群 。,石田衣良（Ishida Ira），日本当代最具人气的畅销小说作家，作品大多具有很强的话题性，针对对应现代生活的某个侧面，以引人入胜的故事展开都市新一代的生活感受，被日本文坛誉为“现代感觉の妙手”。
54,古汉语常用字字典,https://book.douban.com/subject/1010464/,8.9,5614, ,《古汉语常用字字典》编写组,商务印书馆, , ,1998-9,505,21.00,平装, ,9787100026383,本字典收古汉语常用字4100余个（不包括异体字）。古今意义相同而且现代汉语中也很常用的字，古书中很少出现的生僻字和意义，古白话和现代汉语中才出现的字和意义，以及诗词曲中特有的意义一般不收。并酌收少量的双音词，约2500多个。本字典附录有《难字表》、《中国历代纪元表》两种。其中《难字表》收2500余字，只有注音和释义，不举例，作为字典正文的补充。难字表中的字和正文的字统一列在检字表中。,
55,时间简史,https://book.douban.com/subject/1034282/,8.9,61175,英,史蒂芬·霍金,湖南科学技术出版社,A Brief History of Time,许明贤 / 吴忠超,2010-4,245,45.00,平装, ,9787535732309,《时间简史》讲述是探索时间和空间核心秘密的故事，是关于宇宙本性的最前沿知识，包括我们的宇宙图像、空间和时间、膨胀的宇宙不确定性原理、基本粒子和自然的力、黑洞、黑洞不是这么黑、时间箭头等内容。第一版中的许多理论预言，后来在对微观或宏观宇宙世界观测中得到证实。 自1988年首版以来，《时间简史》已成为全球科学著作的里程碑。它被翻译成40种文字，销售了近1000万册。此版更新了内容，把许多观测揭示的新知识，以及霍金最新的研究纳入，并配以250幅照片和电脑制作的三维和四维空间图。,"史蒂芬·霍金（Stephen Hawking, 1942- ），现任剑桥大学卢卡斯数学教授。他广被推崇为继爱因斯坦后最杰出的理论物理学家。霍金的主要著作有《时间简史》、《霍金讲演录——黑洞、婴儿宇宙及其他》和《果壳中的宇宙》。"
56,闹学记,https://book.douban.com/subject/1082399/,8.6,11994, ,三毛,哈尔滨出版社, , ,2003-08,275,16.60,平装,三毛全集（华文天下2003版）,9787806399682,如果你看过《雨季不再来》、《撒哈拉的故事》，以及《背影》这三个阶段的三毛，你必须再看一本属于“后三毛时期”的《闹学记》，三毛以最新的文风与对真实生活的见证，向你展现了一个心神治愉的美丽新世界。 读书和旅行，是我个人生命中的两颗一级星，快乐最深的时光，大半都由这两件事情中 得来。,三毛：台湾著名作家，1943年3月26日出生于重庆，浙江省定海县人。本名为陈惠平，1946年改名陈平，笔名“三毛”。1964年进入文化大学哲学系，肄业后曾留学欧洲，婚后定居西属撒哈拉沙漠加那利岛并以当地的生活为背景，写出一连串情感真挚的作品。1981年回到台湾，曾在文化大学任教，1984年辞去教职，专职从事写作和演讲。1991年1月4日去世，享年48岁。 三毛的足迹遍及世界各地，平生著作、译作十分丰富，其中《撒哈拉的故事》、《雨季不再来》、《哭泣的骆驼》、《我的宝贝》、《闹学记》、《滚滚红尘》等散文、小说、剧本更是脍炙人口，在全球华人社会广为流传，在大陆风靡一时，影响了整整一代人。
57,红拂夜奔,https://book.douban.com/subject/1418686/,8.7,31365, ,王小波,江苏文艺出版社, , ,2005-1,316,28.00,平装,20世纪作家文库,9787539921624,《红拂夜奔》这书题就会让读者认为是写隋末杨素家妓红拂敬慕大军事家李靖，私奔相从的风流逸事。然而，这本书它以现代人的眼光去观照历史，又以历史文化原型来建构现代小说的结构。历史的重建和复归在于人类有共同的心理品质、共同的生存状态和共同的生存困境。王小波在序言中说：“我写的是内心而不是外形，是神似而不是形似。”人类自身的进化是在不断循环、重演的历史中进行的，唯有如此，那些世代相传的古典名著才能震撼现代读者的心灵，引起共鸣；那些借鉴历史原型的现代作品才能激发读者真正的兴趣。王小波写的就是这样一部把历史和现实进行双向建构的小说。,王小波，1952年出生于北京，并先后当过知青、民办教师、工人、工科大学生。在美国匹兹堡大学取得文学硕士，再学电脑，在统计系当助教，回国后在中国人民大学任教。1980年，他与李银河结婚。 1995年，王小波的成名作《黄金时代》被当局查禁，甚至不准在国营的新华书店摆卖，可是却受广大的读者和文学评论家赞赏。 事实上，《黄金时代》在个体户书摊上已经售出六万多册，并且出版了台湾版和香港版，对此，《人民日报》海外版亦不得不承认：“这部小说无论在国内还是海外留学生偶一露面总会造成排队阅读的局面。”至于他唯一一部电影剧本《东宫·西宫》获阿根廷国际电影节最佳编剧奖，并且荣膺1997年的戛纳国际电影节入围作品，使王小波成为在国际电影节为中国取得最佳编剧奖的第一人。 1997年4月10日在北京因心脏病猝死的王小波，被誉为中国的乔依斯兼卡夫卡。
58,燕尾蝶,https://book.douban.com/subject/1440345/,7.8,14571,日本,岩井俊二,天津人民出版社, ,张苓,2005-6,240,18.00,平装,新经典文库·岩井俊二作品,9787201050560,在圆都，固力果，火，富士藏，林等一群来自异域的淘金者，怀着美丽的梦出来闯世界，兴致勃勃地做着卖淫、拾荒、偷坟掘墓等人类最原始的职业。固力果收留了无家可归的小女孩，给她起名“凤蝶”。 一次偶然，他们发财了，有了自己的酒吧“My Way”和自己的乐队“燕尾蝶”，固力果即将出道成为红歌星。然而，厄运也来了，杀手、警察一路寻来，八封杂志也如获至宝，等待他们的是血腥而惨烈的命运…… 终于，固力果，火，林，还有凤蝶，带着那些实现的，或未曾实现的梦想回到圆都，重新骤到一起。 凤蝶笑了，她胸前的蝴蝶翩翩欲飞……,岩井俊二，著名导演。1963年出生，毕业于横滨国立大学，深具多方面的艺术修养。在20世纪90年代佳作迭出的“日本新电影运动”中，简单纯粹、深情唯美的《情书》于1995年公映，引起空前轰动。1996年，创作并执导了绚烂迷人且更具深度和震撼力的《燕尾蝶》，进一步奠定了他在世界文坛和影坛的地位。小说版《燕尾蝶》是电影版《燕尾蝶》的母体，却比电影更温暖、更诗意，成为不同于电影的独立存在。岩井俊二的每一部作品问世，都成为无数人视听和心灵的盛宴，令人久久流连，深深唤起人们对真爱与生命的珍视。
59,思维的乐趣,https://book.douban.com/subject/1418180/,9.0,10714, ,王小波,中国人民大学出版社, , ,2005-7,213,16.80,平装, ,9787300065397,作为一个自由人文主义者，王小波终其一生思考着并快乐着，他以自身对“文化大革命”的记忆为重要矿藏，用杂文以独有的调侃的笔调完成了对自由与理性的反思与书写。由李银河编选的王小波杂文集《思维的乐趣》展示的正是一座巍然屹立于戏谑的笑容和令人会心而战栗的幽默之后的智性的迷宫，让读者真切地体会到思维带来的无与伦比的快乐的同时，从他那里学会如何独立而自由地思考。,王小波，一代著名作家，生前鲜为人知，死后声名广播。自一九九七年四月十一日去世后，他的作品几为全部出版。评论、纪念文章大量涌现，出现了“王小波热”的文化现象。
60,東京BABYLON (Vol. 1),https://book.douban.com/subject/1329941/,8.6,11376, ,CLAMP,YES COMICS LIMITED, ,劉錦秀,1994,192,HK$38, , ,9789572503393,VOL．0．T.Y.O VOL．1．BABEL VOL．1.5．DESTNY,
61,飞狐外传,https://book.douban.com/subject/1052380/,7.7,15149, ,金庸,生活·读书·新知三联书店, , ,1999-04,618,23.00,平装,金庸作品集（三联口袋本）,9787108012630,"《飞狐外传》作者是现代著名作家金庸，著于1960年，是《雪山飞狐》的前传。该书主要是讲述《雪山飞狐》主人公胡斐的成长历程.以主人公胡斐除暴安良为故事的中心;讲述了胡斐为追杀凤天南在路上所发生的一切.特别是主人公与两位女性所发生的恋爱关系,让人觉得惋惜与无奈.体现出江湖一代大侠在爱情面前是那样的脆弱与无奈.该书现收录在《金庸作品集》中。",
62,履历表,https://book.douban.com/subject/1026686/,8.3,9851, ,幾米,现代出版社, , ,2005-1,127,25.00,平装,幾米作品,9787801884992,继《又寂寞又美好》回顾几米之所以成为几米那股驱力之后，我们再回到现在《履历表》，用几米的眼光来检视我们现实和梦想的世界，关于每个人的“履历表”。这是一朵任何人都值得拥有的美丽花朵。困惑的鲁宝宝、捕捉流星的光子一郎、鸟瞰众生的郝仁垒、最美丽的搬运工马以人……几米用他五色的笔，绘出斑斓的人生，迷离的爱恨、平淡的际遇，才是生活的本质。,幾米，绘本作家。 1998年开始创作，发表《森林里的秘密》和《微笑的鱼》，荣获当年度“中国时报开卷最佳童书”、“民生报好书大家读书年度最佳童书”，以及“联合报读书人最佳童书奖”。 1999年出版《向左走·向右走》，开创出成人绘本的新形式，兴起一股绘本创作风潮。此书已改编成电影、电视剧。之后陆续推出《听几米唱歌》、《月亮忘记了》、《森林唱游》、《我的心中每天开出一朵花》等作品，展现出惊人的创作力和多变的叙事风格。 2001年出版《地下铁》，获选“2002年金鼎奖推荐优良图书”，并改编成音乐剧和电影。次年《照相本子》、《1.2.3木头人》和《我只能为你画一张小卡片》获选“中小学生优良课外读物图书推荐读物”。 2002年《布瓜的世界》上市第一周便登上各大书店畅销书排行榜。 2003、2004年陆续出版《幸运儿》、《你们我们他们》、《又寂寞又美好》、《履历表》等作品，内容风格上再次突破。 作品风靡海峡两岸、美、法、德、希腊、韩、日、泰等国皆有译本。学界和媒体多次以“几米现象”为主题分析评论。作者2003年被Studio Voice杂志选为亚洲最有创意的五十五人之一。
63,棋王,https://book.douban.com/subject/1020961/,8.9,31692, ,阿城,作家出版社, , ,1999-10,250,13.00,平装,阿城文集,9787506315975,"在处女作《棋王》中，阿城表现出自己的哲学：“普遍认为很苦的知青生活，在生活水准低下的贫民阶层看来，也许是物质上升了一级呢！另外就是普通人的‘英雄’行为常常是历史的缩影。那些普通人在一种被迫的情况下，焕发出一定的光彩。之后，普通人又复归为普通人，并且常常被自己有过的行为所惊吓，因此，从个人来说，常常是从零开始，复归为零，而历史由此便进一步。” 阿城笔下著名的""棋王""王一生是近世以来罕见的一个深刻体现了道家文化特征的人物形象。王一生深得老子的阴柔之气。他的性格是坚忍而沉着的。《棋王》表面上写棋，实质上则具有多层次的象征意义，表现着他对中国文化传统的历史评价和对中国文化进步的展望。",
64,笑忘录,https://book.douban.com/subject/1016486/,8.4,10471,捷克,米兰·昆德拉,上海译文出版社, ,王东亮,2004-1,354,21.00,平装,米兰·昆德拉作品系列（2003版）,9787532731282,《笑忘录》1979年在法国出版，获法国文学奖项“梅第奇大奖”。这是一部关于笑与忘、关于布拉格、关于布拉格、也关于天使们的小说。作品以1968年苏联军队入侵捷克斯洛伐克为时代背景，描写了捷克不同阶层知识分子的多舛命运。书中不同的章节一个接着一个，如同旅行的几个不同阶段，朝向某个主旋律的内在，朝向某种独一无二情境的内在，而旅行的意涵已迷失在广袤无垠的内在世界，欲辩却已忘言。作者在故事叙述当中，探讨了人生中间记忆和遗忘的哲学关系；记忆，人们希望保持或者忘却的内容，如同附带欢娱和讽刺的笑一样，是交相辉映的永恒主题。是米兰·昆德拉奠定大师地位的关键代表作。 在这部批评界奉为具有超现实主义风格的现代派小说杰作中，昆德拉试图打通小说、哲学和政治议论以及自传之间的隔膜关系，籍以用罕见的政治正确的角度，探讨人生、音乐、性、哲学、文学和政治等重大话题，用笔诙谐独到，常常使阅读者在沉重的阅读中邂逅绝妙的幽默趣事，以致忍俊不禁。 小说在法国出版后引起西方舆论界高度关注，获得当年法国最佳外国文学奖。但是，它也给作者带来了意想不到的灾难——当时的捷克政府以此书在法国的非法出版为由，剥夺了昆德拉德捷克国籍。不过，这也从另一方面成就了昆德拉，使其成为国际驰名的小说家。,"米兰·昆德拉（Milan Kundera, 1929- ），捷克小说家，生于捷克布尔诺市。父亲为钢琴家、音乐艺术学院的教授。生长于一个小国在他看来实在是一种优势，因为身处小国，“要么做一个可怜的、眼光狭窄的人”，要么成为一个广闻博识的“世界性的人”。童年时代，他便学过作曲，受过良好的音乐熏陶和教育。少年时代，开始广泛阅读世界文艺名著。青年时代，写过诗和剧本，画过画，搞过音乐并从事过电影教学。总之，用他自己的话说， “我曾在艺术领域里四处摸索，试图找到我的方向。”50年代初，他作为诗人登上文坛，出版过《人，一座广阔的花园》（1953）、《独白》（1957）以及《最后一个五月》等诗集。但诗歌创作显然不是他的长远追求。最后，当他在30岁左右写出第一个短篇小说后，他确信找到了自己的方向，从此走上了小说创作之路。 1967年，他的第一部长篇小说《玩笑》在捷克出版，获得巨大成功，连出三版，印数惊人，每次都在几天内售馨。作者在捷克当代文坛上的重要地位从此确定。但好景不长。1968年，苏联入侵捷克后，《玩笑》被列为禁书。昆德拉失去了在电影学院的职务。他的文学创作难以进行。在此情形下，他携妻子于1975年离开捷克，来到法国。 移居法国后，他很快便成为法国读者最喜爱的外国作家之一。他的绝大多数作品，如《笑忘录》（1978）、《不能承受的存在之轻》（1984）、《不朽》（1990）等等都是首先在法国走红，然后才引起世界文坛的瞩目。他曾多次获得国际文学奖，并多次被提名为诺贝尔文学奖的候选人。 除小说外，昆德拉还出版过三本论述小说艺术的文集，其中《小说的艺术》（1936）以及《被叛卖的遗嘱》（1993）在世界各地流传甚广。 昆德拉善于以反讽手法，用幽默的语调描绘人类境况。他的作品表面轻松，实质沉重；表面随意，实质精致；表面通俗，实质深邃而又机智，充满了人生智慧。正因如此，在世界许多国家，一次又一次地掀起了“昆德拉热”。 昆德拉原先一直用捷克语进行创作。但近年来，他开始尝试用法语写作，已出版了《缓慢》（1995）和《身份》（1997）两部小说。"
65,总统是靠不住的,https://book.douban.com/subject/1056315/,8.8,20741, ,林达,生活·读书·新知三联书店, , ,2004-08,428,21.80,平装,林达作品系列,9787108011367,本书是《历史深处的忧虑――近距离看美国》的姊妹篇，作者继续以信件的形式，从“美国总统是什么？”这样一个问题开始，用一连串的故事，层层铺排出美国政治法律制度的基本原理和操作细节，使读者更深刻地了解美国是如何在自身的制度系统中，通过“平衡和制约”去实施对权力的监督和限制。,林达为两名作者合用的笔名。他们都于1952年出生在上海，1978年进入大学。现居美国。作品有“近距离看美国”系列：《历史深处的忧虑》、《总统是靠不住的》、《我也有一个梦想》，以及《带一本书去巴黎》。译著有《汉娜的手提箱》、《克拉拉的战争》、《盖比橱柜的秘密》等。
66,记得,https://book.douban.com/subject/1457306/,8.3,7043, ,张彬 / Benjamin,北方妇女儿童出版社, , ,2004-10,188,28.8,平装, ,9787538520323,《记得》 大32K 全彩色 192P/册 28.80元/册 作者：BENJAMIN 策划出品：漫友文化 出版：北方妇儿 全国总经销：新未来图书 讲述“失去”和“追求”的故事，诗意地勾勒出蓝色与红色的碰撞与交融。BENJAMIN，一个在华人动漫圈不可小视的个性青年，他和他的漫画，我们都还记得。 中国新锐漫画人BENJAMIN作品集，独家收录第一届金龙奖金奖作品《没有人会飞没有人会记得》、实验短篇《那年夏天》以及2002~2004精选彩色插图及插图创作释义。此外附有BENJAMIN随笔、个人写真与完全漫画档案，极具收藏价值。,"BENJAMIN,艺术混子、画家、写小文的。 作品是两本画集：《ONE DAY》和《记得》。 一本小说：《地下室》 传统意义上画漫画的，也拿过几个画画的奖，像别人一样，所以也是个艺术家，三流或者二流。只是很迷茫，自己之前的全部人生是否有价值？"
67,姑获鸟之夏,https://book.douban.com/subject/3140801/,8.0,24577, ,京极夏彦,上海人民出版社,姑獲鳥の夏,林哲逸,2008-8,526,36.00,平装,京极夏彦作品,9787208077928,日本推理小说“京极堂”系列第一部。 以阴阳师中禅寺秋彦为主角的“京极堂”系列，开创结合推理和妖怪传说的独特书写新纪元。丰沛的妖怪知识、推理解谜的乐趣、鲜明的人物设定，是“京极堂”系列风靡全日本多年的原因。 与古代阴阳师不同的是，斩奸除魔的京极堂，除的是栖息在现代社会中人心幽暗处的妖魔。在系列作品中，身兼解谜侦探和除魅阴阳师身份的京极堂，将揭开七种妖怪的真面目。 妇产科医院久远寺家族的女儿怀胎20个月始终无法生产，更诡异的是，她的丈夫在一年半前居然在宛如密室的房间里，如烟一般地消失得无影无踪了…… 夏日的午后，作家关口巽行经倾斜的坡道，来到坡道尽头一家叫做“京极堂”的旧书店，造访他大学时期的朋友中禅寺秋彦——他的朋友都以店名“京极堂”来称呼他。关口为京极堂带来这么一个奇怪的故事，期望得到解答，两人却赫然发现在密室中消失的男人是他们的大学同学，京极堂和关口是否曾经在这无法生产的女人和消失的男人事件里，扮演了什么样关键的角色？ 传说中的姑获鸟这种妖怪的形象和传说，不时困惑侵扰着关口巽，白天是旧书店老板的京极堂，有需要时会以阴阳师装束出现除祆。尽管时序已进入到现代，妖魔仍在作祟。在这个号称理性时代却百鬼夜行的时空里，经常将“这个世界上没有什么不可思议的事情”挂在嘴上的京极堂，又该以何种方式解明这一桩不可思议的事件？ 姑获鸟：原为中国传统怪物，又名“夜行游女”、“天帝少女”或是“鬼鸟”，形象殊异，《齐东野语》中形容为“身圆如箕，十脰（脰：脖子）环簇，其头有九，其一独无，而鲜血点滴，如世所传每脰各生两翅，当飞时，十八翼霍霍竟进，不相为用，至有争拗折伤者”，《本草纲目》则说它是“鬼神类也。衣毛为飞鸟，脱毛为女人。云是产妇死后化作，故胸前有两乳，喜取人子养为己子。凡有小儿家，不可夜露衣物。此鸟夜飞，以血点之为志。儿辄病惊痫及疳疾，谓之无辜疳也。荆州多有之。亦谓之鬼鸟。……此鸟纯雌无雄，七八月夜飞，害人尤毒也。”,京极夏彦，1963年3月26日出生于北海道小樽。日本最可能得到诺贝尔文学奖的推理小说家。在成为作家之前，原本是平面设计，业务内容包括书籍的装帧等。他在工作之余，写下了处女作《姑获鸟之夏》，而于1994年出版的此作如今已成为推理史上的不朽名着。1995年出版的《魍魉之匣》只是他的第二部小说，就拿下第四十九届日本推理作家协会奖。 京极堂系列小说人物设定鲜明、布局精彩、架构繁复，举重若轻的书写极具压倒性魅力，书籍甫出版便风靡大众，读者群遍及各年龄层与行业。京极夏彦目前正以让人瞠目结舌的奇快速度创作，被誉为“神”一样的创作者。
68,一个人的第一次,https://book.douban.com/subject/2070012/,8.2,11370,日,高木直子 图文,陕西师范大学出版社, ,陈怡君 / 常纯敏,2007-10,143,20.00,平装,高木直子绘本系列,9787561333129,每个人都有第一次，每天都有第一次。记得你的第一次，写给你的第一次…… 超人气绘本天后高木直子爆笑温馨版的第一次，送给正在发生第一次，与回忆第一次的你！！ 我的“第一次”经验，数一数真是多之又多： 4岁第一次走丢，幼小心灵还要构想等人大作战（害怕害怕）； 7岁第一次说，N君这是给你的情人节巧克力（脸红心跳）； 16岁第一次漫画投稿，死党电话连线报成绩（刺激刺激）； 17岁第一次烧肉店打工，怪名怪状点菜术语全都记（考验考验）…… 小鹿乱撞的第一次，都是高木直子的幸福回忆啊！ 未来想要做的，第一次养猫咪，第一次吃鳖料理，第一次看极光，第一次上太空……欢迎你也加入“第一次”行列，打开属于自己的美妙人生第一步！,高木直子，1974年，出生于日本三重县，插画家，主要作品《150cm life》、《150cm life2》、《150cm life3》、《一个人住第五年》、《一个人上东京》、《一个人的第一次》。 首次推出的剧情绘本《30分妈妈》正于COMIC ESSAY剧场网站连载中。最近开始伺养表鳉鱼。个人网站“暗自窃喜”
69,神秘的魔法石,https://book.douban.com/subject/1419841/,9.0,9185,英,J·K·罗琳,皇冠文化出版公司,Harry Potter and the Philosopher's Stone,彭倩文,2000-6,320,NT$250,平裝,哈利波特,9789573317241,在世界的另一個角落裡，有一個神秘的國度，裡面住滿了巫師，貓頭鷹是他們的信差，飛天掃帚是交通工具，西洋棋子會思考，幽靈頑皮鬼滿天飛，畫像裡的人還會跑出來串門子。 十一歲的哈利波特，從小被阿姨一家當成怪胎，經常得滿屋子躲避表哥達力的追打。他一直以為自己只是個平凡的小男孩，直到一封又一封神秘的信，將他帶入這個充滿神奇魔法的巫師世界，而他的身世之謎與魔法石的秘密也將同時解開。 父母雙亡的哈利波特，11歲時哈利收到了來自霍格華茲魔法學校的入學通知書，脫離了『麻瓜』的生活，開始學習魔法，也認識了。幸福快樂的日子似乎終於來臨了，不過……前面還有更多的冒險在等著他。到底，哈利會不會平安、順利的度過霍格華茲七年的校園生活？會不會打敗佛地魔呢？？？？？就讓我們大家一起拭目以待吧！ 哈利波特（Harry Potter）一個特殊得不能再特殊的小男孩，有一張削瘦的面孔、骨頭突出的膝蓋、漆黑的頭髮和一雙明亮的綠眼睛，總是戴著一副用許多白膠帶黏起來的圓框眼鏡，額頭上還有一道形如閃電的淡淡疤痕。外觀不起眼的哈利，在還不會走路的時候就已經是魔法界的大名人了！十年前的萬聖節，佛地魔曾用最厲害、最惡毒的魔咒殺死哈利的父母（詹姆波特及莉莉波特），不過哈利卻奇蹟般的活了下來，而且由於一個不明的原因，佛地魔在沒辦法殺死哈利的那一刻起，他的法力也莫名其妙的消失了。 哈利波特小事蹟：十一歲時才收到第一份生日禮物。是第一位乘坐飛車前往霍格華茲報到的學生。一年級時就成為霍格華茲一百年來最年輕的搜捕手。,"J. K.羅琳（Rowling, J. K.） 英國作家，以《哈利波特》系列書籍創造全球暢銷千萬本的驚人銷售量！她曾是靠領政府救濟金過活的單親媽媽，因為想寫一本故事書給女兒看而開始創作哈利波特，這個十一歲大在大人眼中是個怪胎的小男孩。 她的第一次創作，很快在全球書市掀起一陣哈利‧波特風，搖身一變成為出版界的傳奇人物。"
70,海贼王,https://book.douban.com/subject/1474773/,9.5,41581, ,尾田荣一郎,浙江人民美术出版社, ,董科,2007-11,100,7.50,平装, ,9789882075696,路飞所生长的小村庄里曾经是一群以「红发香克斯」为首的海盗们的暂居地，而幼年路飞一直希望可以成为他们的一员，可在一次意外的情况下，他吃了一种叫做「橡皮果实」的恶魔果实变成了橡胶人。恶魔果实给予了他这样奇特的本领，但是吃了恶魔果实的人是再也没有能力游泳的…这样还能成为海盗吗？「没有关系，我只要不掉到海里去就行了…」天性乐观的路飞并没有放弃他的海贼之路，他和香克斯约好，总有一天他会带着他的伙伴们成为海贼王。（听上去好像很有道理，可是……我真的给这个单细胞的家伙打败了）。 名声，财富，权力，曾经拥有世界上一切的“海贼王”哥尔·D·罗杰，在临死前留下了一句话，让全世界的人们，趋之若鹜奔向大海：“想要我的财宝吗？想要的话可以给你，去找吧！我把一切都放在那里了！”于是所有的人们开始起航，驶入伟大航路，世界迎来了『大海贼时代』。 蒙其.D.路飞——一个以成为海贼王为目标的男孩，为了兑现与救了他命的杰克的承诺，戴着杰克留给他的草帽只身一人向着大海出发了！可路飞却因小时候误食了恶魔果实而无法游泳了，就是在这种情况下，路飞展开了他的冒险……一路上他先后结识了一位又一位可靠的伙伴，打倒了一个又一个强大的敌人，经历一次又一次殊死的恶斗，路飞也离那财宝“ONE PIECE”越来越近了……,
71,我的路2,https://book.douban.com/subject/2131415/,8.8,14115, ,寂地,北方妇女儿童出版社, , ,2005,244,20,平装,我的路 MY WAY,9784861762499,我们别无选择，流浪在时间的海洋里 1.粉红之城 PINK CITY 2.遥远的行星 FAR PLANET 3.年华无声 EVERYTHING IN SILENCE 4.微笑 SMILE 5.守护树 ENDEMON=TREE 6.糖果 SWEET 7.马戏团 CIRCUS 8.SPECIAL FOR YOU*画.沙 后记 面朝大海春暖花开,2004年6月，年仅20就读于四川美术学院的寂地，在《新蕾·STORY100》杂志开始刊载绘本漫画《MY WAY我的路》，该作甫一推出，其斑斓的色彩以及细腻的情感马上受到各方读者的关注，反响热烈。同年10月，凭借着极高的人气，《MY WAY我的路》隆重地推出了单行本，除在北京、成都、上海、昆明、武汉、广州六大城市热卖外，其全国销售成绩更直追几米的绘本作品，作品单行本面市半年便已经加印多次。 也同样在2004年，《MY WAY我的路》实至名归地夺得了第一届金龙奖最佳绘本漫画奖的称号。2005年更是夺得了第二届金龙奖榜中榜年度最佳内地绘本图书称号。 种种光环降临于《MY WAY我的路》，寂地的名字迅速响遍了大江南北，受到各方好评。《MY WAY我的路》不仅已输出了授权马来西亚版权，还受到欧美等多个国家的出版商关注，凭借这一出道之作寂地逐渐晋升为成为华人动漫社圈中的新星，然而更灿烂的未来正逐步展现在她的面前。 其后，经过一年时间的酝酿，《MY WAY我的路2》于2005年11月诞生。同样经由漫友文化策划、包装，《MY WAY我的路2》比《MY WAY我的路》具有更深厚的内涵以及更高的收藏价值。《MY WAY我的路》经历不断的锤炼，已经形成自己独特的系列，成为寂地创作历程中有着重要意义的里程碑，内地原创绘本NO.1的宝座，它当之无愧。 寂地 in douban http://www.douban.com/people/zyl622/
72,百年孤独,https://book.douban.com/subject/1059112/,9.1,7148, ,（哥伦比亚）加西亚・马尔克斯,浙江文艺出版社,Cien años de soledad,黄锦炎 / 沈国正,1991-12,345,16.00,精装,外国文学名著精品,9787533904777,,加西亚•马尔克斯（Gabriel García Márquez）1927年出生于哥伦比亚马格达莱纳海滨小镇阿拉卡塔卡。童年与外祖父母一起生活。1936年随父母迁居苏克雷。1947年考入波哥大国立大学。1948年因内战辍学，进入报界。五十年代开始发表文学作品。六十年代初移居墨西哥。1967年出版《百年孤独》。1982年获诺贝尔文学奖。
73,1995-2005夏至未至,https://book.douban.com/subject/1948502/,7.7,20683, ,郭敬明,春风文艺出版社, , ,2006-10,307,25.00,平装, ,9787531331261,故事开始于一个虚构的城市浅川，一个深北方长满高大香樟的城市。几个年轻的人开始自己的高中生活，一切都似乎格外的平静和缓慢，带着夏日特有的让人昏昏欲睡的叙述情绪，仿佛夏日午后浓烈如同泼墨的阳光一样。故事就在这样的环境里开始：陆之昂的母亲因为癌症去世，深刻地改变了他的性格，而傅小司因为参加津川美术大赛一举成名，成为全中国都有小有名气的插画家。之后那些曾经在一起的年轻人因为毕业而分离，立夏和傅小司去北京继续念书，陆之昂去了日本，而七七去了上海。而从小孤独的遇见，放弃了自己在浅川的一段与青田的美好感情而单独去了北京，开始为实现自己的歌唱的梦想而努力。,郭敬明，1983年生。网络名：第四维。 曾获第三届、第四届全国新概念作文大赛一等奖。现就读于上海大学影视艺术技术学院，学理工和艺术结合的奇怪专业。已出版个人作品《爱与痛的边缘》、《左手倒影，右手年华》、《幻城》、《梦里花落知多少》、《春末夏初》等。喜欢看电影、睡觉和用四十五度角仰望长满云朵的天空。性格矛盾，一半明媚，一半忧伤，对待生活消极而叉充满希望，坚信人性中甜美的东西，可是依然沉溺于绝望之中。有着清亮的笑容，深黑的瞳仁以及看不见的忧伤，以前总喜欢叫自己孩子，喜欢彼德·潘，因为他可以不长大，而在时光的洪流中，还是一点一点地长大。
74,佛祖在一号线,https://book.douban.com/subject/4872671/,8.2,28220, ,李海鹏,文化艺术出版社, , ,2010-6,191,25.00,平装, ,9787503945434,千呼万唤的李海鹏首部专栏集，中国当下最好的专栏作家之一。 本书是著名新闻人和评论人李海鹏在《第一财经周刊》、《南方周末》和《智族GQ》上的专栏集结。涉及社会、经济、文化、生活的时评和杂文。语言睿智幽默、见解险直犀利，让民众听到一种最清醒有力的声音。 李海鹏的身份并不是作为《南方周末》的高级记者记，或者《第一财经周刊》的专栏名家，或者《GQ》的专题总监而被大家记住的，他被人尊敬和认识，是因为他近乎天真的对自由的执着，对伟大社会成形的关注及焦心。抽丝剥茧的分析，吹毛断发的文字，掷地成声的观点，恣肆放达的叙述，这些都注满了李海鹏的所有文章，其间到处安放着才情、思想、和对自由美好世界的向往，以至于除此之外，他几乎一无所有了。 图书品牌：磨铁——文治图书 请海鹏写专栏是《第一财经周刊》做的最好的决定之一。很多时候我们怯于表达，海鹏有勇气；很多时候我们的表达不够准确，海鹏对语言和逻辑的把握让他的文字充满力量；最关键的是，海鹏的优雅和从容，于是有了我们这个时代最值得阅读的文字。 ——伊险峰 《第一财经周刊》执行总编 海鹏把第一篇专栏《台风》给我时，不确定地说“不知道是不是GQ要的”。至今我都很感谢他，那篇专栏是我第一次看到他回望内心的写作，感受到他“手指触及真理核心时的极度快感”，那声音好古怪。我想，这些细碎、微妙、不经意又很本质的描述，才是生命最原本的光辉啊。 ——王锋 《智族GQ》编辑总监 在世界到处是光的今天，我们缺少另一种光。李海鹏的书像一颗小钻石，清醒、隐蔽，光芒四射。 ——马莉 诗人、画家、《南方周末》高级编辑 无论作为记者还是专栏作家，李海鹏都长于发现无所不在的荒诞，但他文字的底色是悲悯，悲民生之多艰，悲世人昏庸而不自知。因此他刻薄、幽默、不羁却温热。汉语被他如此高妙自如地运用，像一个狡黠而骄傲的小男孩把玩他心爱的弹弓。 ——杨瑞春 《中国新闻周刊》执行主编,李海鹏： 新闻记者和专栏作者。曾任《南方周末》高级记者。1972年生，毕业于辽宁大学中文系。作品典范而不拘一格，怀抱理想精神又深具现代意识，蕴含文字之美、独到见识和对人与事的深邃了解。他以公众利益、思想自由和民智提升为新闻的最终目的。中国新闻业的最佳特稿作者。 熔炼了见解、诗意和幽默感的专栏作者。曾在《第一财经周刊》、《南方周末》和《智族GQ》辟有专栏。 2010年《GQ》中文版 Men of the Year 年度专栏作家。
75,明朝那些事儿（陆）,https://book.douban.com/subject/3274113/,8.8,33268, ,当年明月,中国海关出版社, , ,2008-11,331,28.80,平装,明朝那些事儿,9787801655011,主要讲述了晚明由“三大案”引发的党争，魏忠贤兴起及袁崇焕之奋战。自张居正去世后，便无人敢管万历，为争国本、查妖书、打闷棍，他与大臣展开拉锯战，三十年不上朝。东林党却因此发展壮大，为把持朝政，与齐、楚、浙三党明争暗斗，借国本之争，扶持明光、熹宗二帝即位，成功掌握政权。魏忠贤以平民出身，利用熹宗昏庸，又傍上皇帝乳母客氏，与东林党展开对决。在外，援朝抗日战争后，明防御线转至辽东。没落贵族之后李成梁打蒙古、灭女真，成为一代枭雄，却养虎为患，努尔哈赤借机兴起，统一后金。为抗金、守城、夺失地，在帝师孙承宗的带领下，袁崇焕从一介文人成长为边疆大将，坚守孤城，最终击败努尔哈赤。,当年明月，青年历史学者，畅销书作家。专业职称为副研究员，明史学会会员。是心灵历史的开创者，担任国内多家电视台文史类节目主讲人。所著作品《明朝那些事儿》销量过五百万册，为三十年来最畅销之史学读本。
76,unknow,https://book.douban.com/subject/1051363/,unknow,unknow, , ,, , , , , , , , ,,
77,绝代双骄（全三册）,https://book.douban.com/subject/1089517/,8.5,17053, ,古龙,珠海出版社, , ,2005-8,1343,56.00,平装,古龙作品集,9787806070727,世家子弟江枫和移花宫的花月奴私奔，在路上诞下一对双胞胎，但江枫和花月奴却被移花宫主杀死。移花宫主为了报仇，决定把这对兄弟分开抚养，授以武功，等他们长大后自相残杀。哥哥花无缺由移花宫主抚养，弟弟小鱼儿由恶人谷的十大恶人抚养。小鱼儿长大后聪明绝顶，在江湖上搞出许多恶作剧。成为人见人怕的捣蛋鬼，而花无缺武功超凡，他们果然变成一对仇人，非要一战定生死不可。但他们的心地都很善良，都不忍杀死对方。在最后的决斗中，小鱼儿使用妙计，使移花宫主说出了当年的秘密，两兄弟终于相认，移花宫主花了二十年实行的这条毒计完全失败。最后自相残杀而死的，不是小鱼儿和花无缺，而是恶人谷的十大恶人。,古龙（1937-1985），本名熊耀华，原籍江西。古龙毕业于台湾淡江大学外文系，是台湾著名新派武侠小说作家。他从1960年创作《苍穹神剑》始，一生共写了近70部武侠小说，影响巨大。其代表作有《风云第一刀》、《绝代双骄》、《楚留香传奇》系列、《陆小风传奇》系列、《萧十一郎》、《七种武器》系列、《白玉老虎》、《流星·蝴蝶·剑》等。
78,京华烟云,https://book.douban.com/subject/1391191/,8.5,35991, ,林语堂,陕西师范大学出版社, ,张振玉,2005-7,611,43.00,平装,林语堂文集（博集天卷2005版）,9787561334386,《京华烟云》是林语堂旅居巴黎时于1938年8月至1939年8月间用英文写就的长篇小说，并题献给“英勇的中国士兵”，英文书名为Moment in Peking，《京华烟云》是它转译为中文后的书名，也有译本将本书译为《瞬息京华》。林语堂原本打算将《红楼梦》译作英文介绍给西方读者，因故未能译成，此后决定仿照《红楼梦》的结构写一部长篇小说，于是写出了《京华烟云》。 小说讲述了北平曾、姚、牛三大家族从1901年义和团运动到抗日战争30多年间的悲观离合和恩怨情仇，并在其中安插了袁世凯篡国、张勋复辟、直奉大战、军阀割据、“五四”运动、“三·一八”惨案、“语丝派”与“现代评论派”笔战、青年“左倾”、二战爆发等历史事件，全景式展现了现代中国社会风云变幻的历史风貌。《京华烟云》自1939年底在美国出版后的短短半年内即行销5万多册，美国《时代》周刊称其“极有可能成为关于现代中国社会现实的经典作品”。,林语堂（1895年10月3日—1976年3月26日），福建龙溪人。原名和乐，后改玉堂，又改语堂。1912年入上海圣约翰大学，毕业后在清华大学任教。1919年秋赴美哈佛大学文学系。1922年获文学硕士学位。同年转赴德国入莱比锡大学，专攻语言学。1923年获博士学位后回国，任北京大学教授、北京女子师范大学教务长和英文系主任。1924年后为《语丝》主要撰稿人之一。1926年到厦门大学任文学院长。1927年任外交部秘书。1932年主编《论语》半月刊。1934年创办《人间世》，1935年创办《宇宙风》，提倡“以自我为中心，以闲适为格调”的小品文。1935年后，在美国用英文写《吾国与吾民》、《京华烟云》、《风声鹤唳》等文化著作和长篇小说。1944年曾一度回国到重庆讲学。1945年赴新加坡筹建南洋大学，任校长。1952年在美国与人创办《天风》杂志。1966年定居台湾。1967年受聘为香港中文大学研究教授。1975年被推举为国际笔会副会长。1976年在香港逝世。
79,球状闪电,https://book.douban.com/subject/1192090/,8.7,84744, ,刘慈欣,四川科学技术出版社, , ,2005-6,281,22.00,平装,科幻世界·中国科幻基石丛书,9787536455382,在某个离奇的雨夜，一颗球状闪电闯进了少年的视野。它的啸叫低沉中透着尖利，像是一个鬼魂在太古的荒原上吹着埙。当鬼魂奏完乐曲，球状闪电在一瞬间将少年的父母化为灰烬，而他们身下板凳却是奇迹般的冰凉。 这一夜，少年的命运被彻底改变了，他将毕其一生去解开那个将他变成孤儿的自然之谜。但是他未曾想到，多年以后，单纯的自然科学研究被纳入进“新概念武器”开发计划，他所追寻的球状闪电变成了下一场战争中决定祖国生存或是灭亡的终极武器！ 当被禁锢在终极武器中的大自然的伟力被释放时，一轮冰冷的“蓝太阳”升起在大西部的戈壁滩上，整个戈壁淹没在它的蓝光中，这个世界变得陌生而怪异。一个从未有人想像过的未来，在宇宙观测者的注视下，降临在人类面前……,刘慈欣，六十年代生人，祖籍河南，山西阳泉长大，高级工程师，现在山西娘子关电厂工作。上世纪九十年代末开始发表作品，第一篇发表作品为短篇小说《鲸歌》。目前为中国科普作家协会会员，被誉为中国科幻的领军人物。 刘慈欣成功地将极端的空灵和厚重的现实结合起来，同时注重表现科学的内涵和美感，努力创造出一种具有中国特色的科幻文学样式。其作品因宏伟大气、想像绚丽而获得广泛赞誉，多次获得中国科幻银河奖。
80,天才在左 疯子在右,https://book.douban.com/subject/4242172/,7.9,241527, ,高铭,武汉大学出版社, , ,2010-2,258,29.80,平装, ,9787307075429,本书以访谈录的形式记载了生活在另一个角落的人群（精神病患者、心理障碍者等边缘人）深刻、视角独特的所思所想，让人们可以了解到疯子抑或天才真正的内心世界。此书是国内第一本具有人文情怀的精神病患谈访录。内容涉及生理学、心理学、佛学、宗教、量子物理、符号学以及玛雅文明和预言等众多领域。,高铭，男，汉族。生于上世纪70年代的北京。目前任职于某公司项目总监。 自认为死心眼一根筋，对于探索未知事物总是有无尽渴望。从学龄前就已经有了至今仍然挂在嘴边的口头禅：“为什么？”成年后曾一度沉迷于宗教、哲学、量子物理、非线性动力学、心理学、生物学、天体物理等学科。21世纪以来又开始对精神病患、心理障碍者、边缘人的内心世界产生了强烈好奇。 2004—2008年间，通过各种渠道，利用所有的闲暇时间，探访精神病院、公安部等机构，对“非正常人群”进行近距离访谈，并加工整理出了这本书的内容。 “我从未想到居然有这么多人鼓励并欣赏这些内容，长久以来，我一直以为自己是个疯子。但是，我很欣慰。”
81,情人,https://book.douban.com/subject/1078554/,8.0,8613, ,(法）玛格丽特·杜拉斯,上海译文出版社,L'amant,王道乾,2004-6,143,12.00,平装,译文经典（平装本）,9787532733590,玛格丽特・杜拉斯是法国当代著名的小说家、剧作家、记者和电影艺术家。《情人》是一部带有自传色彩的作品，以法国殖民者在越南的生活为背景，描写了一名贫穷的法国少女与富有的华裔少爷之间深沉而无望的爱情，笔触深达人性中某些最根本、最隐秘的特质，催人深思。,玛格丽特·杜拉斯（1914—1996），法国小说家、剧作家、电影导演，本名玛格丽特·多纳迪厄，出生于印度支那，十八岁后回法国定居。她以电影《广岛之恋》（1959年）和《印度之歌》（1975年）赢得国际声誉，以小说《情人》（1984年）获得当年龚古尔文学奖。
82,天是红河岸,https://book.douban.com/subject/1853785/,8.8,20320, ,荻原千绘,日本小学馆,天は赤い河のほとり,丁梵馨,1990,28卷,37.00,平装, ,9787806895184,夕梨，被古老的土耳其王妃从21世纪带到了斯托塔帝国。王位的争夺战把她卷了进去！是危险也好，是幸福也好，在她不经意发现自己已经深深的爱上了卡尔之时，一切都不重要了！只要与他在一起，是进敌营亦或是做俘虏，是做挂牌的侧妃还是人人敬慕的战争女神，满心都是他的温柔与关怀……离奇的庞大历史剧在筱原老师精妙的笔下脱茧…… 夕梨，这个坚强、善良、聪慧、女孩成了至高无上的‘易修塔’。可她咬紧牙关超越一切困难都只为了卡尔……正像他对卡尔说的那样“如果你认为我对你有用，就把我留在你身边吧……”他得到了女孩羡慕的一切：又帅又声明显赫的男友，人民的爱戴，一群疯狂的迷恋者（如拉姆塞斯、桑那查……）可她得到这一切的背后曾付出过多少？我想不必我说大家也应该知道吧？ 或许，你会认为她太过完美。是的，她不象贵族女子一样高傲： “假易修塔”那一章，她曾轻轻的抱起地上得了七月热的孩子；她不羡名利：<桑那查被皇后利用>的那一节，她身着平民的衣衫，对嵌满宝石的衣服看都不看一眼……可是当你看了<分兵征战> 那一篇就会明白她也是一个有血有肉的人…… 十字路口上，夕梨骑着阿斯兰，犹豫着：一头是她回家的路，另一头是通往生死未卜的卡尔的城池…… 一阵迷乱的风吹过，前方是一片迷雾。风儿抚过她忧郁的脸庞，弄乱了她的短发……终于！她勒转马头，在三姐妹等人欢呼中奔向卡尔的怀抱…… 作者把人物刻画的如此有血有肉真是让人惊叹！如果没有那一阵风的存在，她毫不犹豫的直奔卡尔而去，实在让人觉得虚伪！正是她的真实与人格魅力才让“夕梨”这个名字深深的印在每个读者的心头！ 一望无际的沙漠上，卡尔与夕梨骑着骏马在蓝紫色的天空下彼此追逐着……筱原千绘——这位著名漫画家成功的诠译了这个不落俗套的生死恋。,筱原千绘(Chie Shinohara) 生日：2月15日 出生地：神奈川县 血型：O型 星座：水瓶座 兴趣：开车兜风、打高尔夫球 出道作品：《红色传说》（刊登于1981年《皇冠》冬季号） 获奖经历：作品《魔影紫光》荣获第32回小学馆漫画大赏。
83,中国历代政治得失,https://book.douban.com/subject/1003479/,9.2,68818, ,钱穆,生活·读书·新知三联书店, , ,2001,161,12.00,平装,钱穆作品系列,9787108015280,《中国历代政治得失》为作者的专题演讲合集，分别就中国汉、唐、宋、明、清五代的政府组织、百官职权、考试监察、财经赋税、兵役义务等种种政治制度作了提要勾玄的概观与比照，叙述因革演变，指陈利害得失。既高屋建瓴地总括了中国历史与政治的精要大义，又点明了近现代国人对传统文化和精神的种种误解。言简意赅，语重心长，实不失为一部简明的“中国政治制度史”。,钱穆（1895-1990年），字宾四，著名历史学家，江苏无锡人。1912年始为乡村小学教师，后历中学而大学，先后在燕京大学、北京大学、清华大学、西南联合大学等数校任教。1949年只身去香港，创办新亚书院，1967年起定居台湾。
84,圣传画集,https://book.douban.com/subject/1467333/,8.6,9574,日本,CLAMP,新疆电子音像出版社, , , , ,29.8, , ,9787900380869,"脱胎于佛教传说的故事自始至终充满了神秘主义的色彩宿命论的因子。一切的一切，以守护斗神、阿修罗王的一个小小心愿--希望自己的孩子能顺利诞生为缘起，展开了一幕幕分别以帝释天和四天王及阿修罗和""六星""为代表交织着天界种族爱恨情仇的宏大战争诗篇……在命运的安排下将会成为灭天之破的六星开始云集在阿修罗的身边，《圣传》中最为著名的两个约定也初见端倪的时候，《圣传》的出版却一度陷入了停止的状态，如鲠在喉咙的感觉，真是令人寝食难安啊！经过长时间望眼欲穿的等待之后，手捧着远在大连的朋友寄来的《圣传》最后一集，激动的心情难以压抑。现在看起来，那时的我好傻，可是那种因稀少而倍显珍贵的感触，却再难以体会了。 细心一算《圣传》里，让人为之着迷的人还真不少。有酷哥夜叉，酷姐迦楼罗王，又有酷哥阿修罗，神秘王子孔雀，还有像小猪般可爱的阿修罗和精力充沛、以家庭主妇为目标的龙王。哦、忘了介绍两名美女：性感而冷艳的苏摩（鼓掌声）和有着天使般笑容、魔鬼般心肠的乾闼婆王。以上这些你都不满意的话，还剩下一个成人版的阿修罗，不男不女的样子保证合你口味。 《圣传》中的世界是宏大而又复杂的，神界宛如人界，期间并无太大区分。即使因为畸恋而血染天界的帝释天和以抢夺手段却反而失去珍爱的毕沙门天，这些看似邪恶的人实则上也背负着深深的悲哀，令人不觉又几分同情。唯一厌恶的就是西方将军广目天及手下不是自恋就是自大，连那么美丽的的沙罗都能痛下毒手，难怪死的十二分难看。什么？迦陵频加不也很可怜吗？ 《圣传》的推出带个人强烈的个人主义色彩，极大程度上迎合了读者心中渴望挚爱的呼声""我只是想看看命运脱轨的样子，这就够了""现在看来孔雀的这句话，也是分外的感动。所以说，CLAMP的成功，不但在与其精美华丽的画风，更大程度上则是依赖与其对人物心理的准确把握和细致的刻画，也从另一个侧面体现了一个高素质漫画制作团体的真体实力！",《圣传》是日本人气动漫工作室CLAMP的出道成名作。CLAMP是第四代少女漫画的代表，在不到十年的时间里，她们创作出《圣传》，《东京巴比伦》，《X》等多部轰动性作品，获得了巨大的成功。同时掀起了第四代少女漫画的浪潮……魔法 骑士(1995)以及CLAMP学园侦查团(1997)被制作成电视动画。战记(1996)制作成剧场动画。
85,那些男孩教我的事,https://book.douban.com/subject/1310164/,8.0,5402, ,蔡康永,如何出版社有限公司, , ,2004-5-28,126,NT$230,平装, ,9789861360133,一本關於三十三個，不同男孩的散文及插畫。蔡康永將其認識的或不認識的男孩們，那些觸動人心的故事寫了出來。在這些男孩之中，我們或多或少也發現自己或身邊的人，有那些男孩的影子，因而勾勒起屬於我們自己的故事。 關於那些男孩的記憶，也將成為我們的記憶。 那些男孩，到底教會了他什麼？ 這是蔡康永第一次與太陽臉合作的散文繪本書。太陽臉的畫風非常精緻且獨特，相當強烈的個人風格。 作者簡介蔡康永 當過GQ雜誌總編輯、台北之音電台總監。目前主持有「真情指數」「兩代電力公司」「今天不讀書」「康熙來了」「愛的故事」等電視節目。寫過的書有《再錯也要談戀愛》《不乖蔡康永─同情我可以親我》《你睡不著我受不了》《痛快日記》《LA流浪記》。有聲書作品《頑童三部曲》《歡樂三國志 全20冊》。 太陽臉 1970年出生於台中市的公獅子。銘傳大學商業設計系畢業，曾任職平面設計公司及中國時報副刊組美術編輯。2000年開始成立個人工作室，專職平面設計及插畫。個人網站： www.sunny-face.com。,蔡康永 相信爱，相信正义，相信文明，相信宇宙是值得的。 面对欲望时会软弱，面对邪恶时会软弱，喜欢别人多过喜欢自己。 从上个世纪的尾巴，开始参加公共活动，比方说，主持一些节目，写一些东西，讲些话，安慰或者伤害一些别人。 根据地是台北，血统有时被认为是上海，但不管怎么说，很肯定自己是不重要的，很肯定自己是不重要的，很肯定自己是不重要的。知性与感性兼具的搞怪才子，文笔犀利、反讽、俏皮的畅销书作家；当过GQ杂志总编辑、台北之音电台总监。目前主持有「真情指数」「两代电力公司」「今天不读书」「康熙来了」「爱的故事」等电视节目。写过的书有《再错也要谈恋爱》《不乖蔡康永─同情我可以亲我》《你睡不着我受不了》《痛快日记》《LA流浪记》。有声书作品《顽童三部曲》《欢乐三国志 全20册》。他笑称，男孩系列两本书（图文书《那些男孩教我的事》与文字书《100个男孩的故事》），是他的「任性」之作，只是写出他生命中遇见的、深深影响他的──男孩们的故事。
86,堂吉诃德,https://book.douban.com/subject/1005918/,8.0,18321, ,塞万提斯 / 屠孟超,译林出版社,Don Quixote de la Mancha,屠孟超,2002-7-1,992,35.00,平装, ,9787805674629,《堂吉诃德》（1606-1615）是塞万提斯最杰出的作品。俄国批评家别林斯基说：“在欧洲所有一切文学作品中，把严肃和滑稽，悲剧性和喜剧性，生活中的琐屑和庸俗与伟大和美丽如此水乳交融……这样的范例仅见于塞万提斯的《堂吉诃德》。”,
87,圣传,https://book.douban.com/subject/1959786/,8.7,11124, ,CLAMP,角川書店, ,柯莱木,2000,251,4.20X10,叶子,聖伝 （新書館）,9784403612183,“汝所孕育之红莲火焰， 将烧尽一切邪恶， 六星终将 压倒众生， 无人能阻。 然后—— 汝等、将成灭天之『破』。”,"CLAMP是4人组合的笔名。 clamp是一个全部由女性成员组成的漫画工作室从1989年正式出道,几经吐纳、锤炼,现在的CLAMP实际上只有四人：大川七濑(Nanase Ohkawa)、五十岚皋(satsukiIgarashi)、猫井三宫(Mick Nekoi)、阿巴巴(Mokona Apapa)。其中阿巴巴负责分格和做画,接下来五十岚皋负责画框线和贴网点纸,而画稿最终由猫井三宫完成。大川七濑小姐毕业于早稻田大学文学系,在CLAMP中负责剧本创意,是CLAMP中的灵魂人物。"
88,须臾,https://book.douban.com/subject/3103080/,7.6,24926, ,落落,长江文艺出版社, , ,2008-6,271,24.80,平装, ,9787535436788,《须臾》是继落落首部随笔集《不朽》后推出的图文随笔集。收录了落落的全新散文，和旅行中自己拍摄的图片，记录了旅行途中反复听的歌，不断遇见的人，时刻忆起的小时候的家园故事，爱情故事，和曾经发生过的那些所有应该忘记即将忘记而没能忘记的故事，带领读者走进她细腻的内心情感世界。,落落，82年4月生，上海人，编辑，自由撰稿人。 著有长篇小说《年华是无效信》（2005年），短篇小说集《那些生命中温暖而美好的事情》（2005年），长篇小说《尘埃星球》（2007年），随笔集《不朽》（2008年）。
89,再袭面包店,https://book.douban.com/subject/1011662/,8.0,10968,日,村上春树,上海译文出版社, ,林少华,2001-8,153,12.40,平装,村上春树文集（2001版）,9787532726325,《再袭面包店》是村上另一部具有先锋小说风格的小说，位于“青春三部曲”和《挪威的森林》之间的承前启后之作。 看似互不相干的6个短篇，却演绎出人入中年的必有光景：少年的浪漫、青春的冲动，已经越来越远；日常的琐碎，世俗的牵累，而今挥之难去。这位横跨六篇的“我”，开头还敢深夜冒险，携妻“再袭面包店”，还有闲心窥视“象的失踪”，就在此话题在年轻女子面前夸说一番；然而到后来，他却不得不牵扯进“家庭事件”，奉陪煞有介事的未来妹夫，不得不离开有趣的“星期二女郎”，在死胡同里干起寻猫的无聊色勾当。“要是世上的人全部像你这样，世界怕是要变得一塌糊涂”。在妹妹如此指责之后，玩世不恭的“我”，终于也转起了“我们到底要往什么地方去”的念头。,村上春树（1949－ ），日本小说家。曾在早稻田大学文学部戏剧科就读。1979年，他的第一部小说《听风之歌》问世后，即被搬上了银幕。随后，他的优秀作品《1973年的弹子球》、《寻羊冒险记》、《挪威的森林》等相继发表。他的创作不受传统拘束，构思新奇，行文潇洒自在，而又不流于庸俗浅薄。尤其是在刻画人的孤独无奈方面更有特色，他没有把这种情绪写成负的东西，而是通过内心的心智性操作使之升华为一种优雅的格调，一种乐在其中的境界，以此来为读者，尤其是生活在城市里的人们提供了一种生活模式或生命的体验。
90,泡沫之夏,https://book.douban.com/subject/1596305/,6.8,48698, ,明晓溪,新世界出版社, , ,2006-3,316,20.00,平装,泡沫之夏,9787801879912,夏沫和洛熙都是孤儿，少年的他们在养父母家相识，因为童年留在内心的阴影，他们彼此充满戒备和防范。洛熙在夏沫和弟弟参加电视歌唱大赛遇到尴尬状况下为他们解围，两个孩子中间的坚冰在逐渐融化，而深爱夏沫的富家少爷欧辰为了分开两人，把洛熙送到英国留学…… 五年后的洛熙成了拥有无数FANS的天皇巨星，而夏沫作为唱片公司的新晋艺人与他再次相遇，欧辰失忆了，三大主角再度登场，爱恨纠葛，他们之间将会发生怎样的一段故事。,明晓溪，青春言情文学女作家。武汉大学毕业。主编杂志《仙度瑞拉》。已出版作品：《水晶般透明》《冬日最灿烂的阳光》《无往而不胜的童话》《烈火如歌》《烈火如歌２》《会有天使替我爱你》《泡沫之夏》。
91,你好，忧愁,https://book.douban.com/subject/1455933/,7.5,9330,法国,弗朗索瓦兹·萨冈,人民文学出版社,Bonjour Tristesse,余中先,2006-1,336,24.00,平装,99畅销文库,9787020054367,小说的主人公少女塞茜尔，生性浪漫不羁，跟同为浪荡子的父亲过着随心所欲的荒唐日子，不愿意把自己的生活纳入到正规的轨道。为此，她竭力阻挠鳏居多年的父亲雷蒙和其女友安娜的婚事。因为，在塞茜尔的眼中，安娜是一个生活正派、循规蹈矩的温顺女性，一旦让她进入了家庭生活，不仅雷蒙老爸得受她的管制，而且塞茜尔的落拓不羁的生活方式也得改变，她得按照安娜的培养计划，去做一个乖乖女。于是，塞茜尔跟自己刚刚认识的男朋友，以及父亲早先认识的一个女人爱尔莎，共同精心设计了一个诡计。诡计居然还得逞了，生性浪荡的雷蒙一度又冷落了安娜，而与更为年轻、也更为放荡的爱尔莎重续旧情。不过，令塞茜尔料想不到的是，这一胡来最后导致了安娜精神恍惚，出了车祸，命丧悬崖…… 少女主人公苦心经营的计谋，换来的却是她人生道路上初次品味到的忧愁中的迷惘。,弗朗索瓦丝·萨冈（Francoise Sagan，1935－2004）是法国著名的才女作家。一九五四年，年仅十八岁的她写出了小说《你好，忧愁》，一举夺得当年法国的“批评家奖”。这本关于少年、爱情和孤独的小说，在五年之内被翻译成二十二种语言，在全球的销量高达五百万册，还被改编成电影，成为轰动一时的文化事件和出版现象。 萨冈漂亮出众，个性鲜明，行为有些离经判道，她喜欢写作、赛马、飚车、酗酒，却备受法国人钟爱。与萨特和法国前总统密特朗不寻常的友谊，都为她的神秘增添了特殊光环。 萨冈被视为一个时代的青春代言人，她的小说明快、典雅，同时富有乐感和诗意，散发着淡淡的愁绪，文字简洁、聪明而从容，将法语的优美展露无遗。她的代表作包括《你好，忧愁》、《某种微笑》、《一月后，一年后》、《你喜欢勃拉姆斯吗……》、《狂乱》，等等。
92,魔鬼经济学,https://book.douban.com/subject/1473250/,7.6,10512,美,史蒂芬·列维特,广东经济出版社,Freakonomics: A Rogue Economist Explores the Hidden Side of Everything,刘祥亚,2007-7,209,32.00,平装, ,9787807281962,在这本书中，列维特和史蒂芬·都伯纳取材日常生活，以经济学的方式来探索日常事物背后的世界：念书给婴儿听会不会使他日后成为一个好学生？游泳池比枪支还危险？贩毒集团的结构其实和麦当劳的组织很像，而且基层员工和小弟都没赚头，钱都进了总裁和大哥的口袋；父母教养方式的差异对孩子影响不大。 《魔鬼经济学》中确立了一个有悖于传统智慧的观点：如果说伦理道德代表了我们心目中理想的社会运行模式的话，那么经济学就是在向我们描述这个社会到底是如何运行的。 同时，作者也展示了千方百计搜集来的各种数据——学校的考试成绩、日本著名相扑手的秘密证据、房地产经纪人的买卖记录，甚至还有黑社会卧底的秘密日记。通过对这些数据的巧妙分析，作者得出了种种令人跌破眼镜的结论。他将教会你如何用数据分析你所看到的世界；他将告诉你：真实的世界原来是这样的……,史蒂芬·列维特，1994年在麻省理工大学取得经济学博士学位。1997年进入芝加哥大学执教短短两年时间列维特就成为芝加哥大学经济学院终身教授。2002年列维特被选为美国科学院经济学部委员。列维特还担任《政治经济学杂志》（JPE）的编辑和《经济学季刊》（OJE）的编辑。 史蒂芬·都伯纳，《纽约时报》和《纽约客》长期撰稿人，著有畅销书《骚动的灵魂》和《一个英雄崇拜者的自白》。
93,当彩色的声音尝起来是甜的,https://book.douban.com/subject/3392046/,8.2,10075, ,科学松鼠会,上海三联书店, , ,2009-1,273,25.00,平装, ,9787542629456,本书不是一本博客集，出自松鼠会网站的文章只占了1/3。全书54篇文章，精选自百位松鼠近三年创作的上千篇文章，从口腔溃疡到国际空间站，从玫瑰花到数学思想实验，内容天马行空，文字灵动活泼，一改传统科普的严肃面孔。梁文道称赞说“他们的科普小品简直有点像是带甜的凉茶”；罗永浩说，“为了跟愚昧和迷信争夺市场，科普作品在应有的理性和严谨之外，最好还能做到生动有趣，‘科学松鼠会’显然就做到了这一点。他们的科普文章大多数情况下都很有趣，有时候甚至很酷”。 作者30人，其中17人为理工科博士或博士生，连文中的插图也出自理科博士之手。,科学松鼠会是一个科学传播公益团体，由90多个年轻人组成，他们是大学副教授、博士后、研究生、本科生、科学记者编辑，和一些有科学背景的公司白领。他们相信科学是美的，希望为公众“打开科学坚果”，让“科学流行起来”。和所有年轻人群体一样，他们腐败、郊游、交友，不同的是，他们还聚在一起聊科学、做讲座、看纪录片、辨星星、认植物……当然，他们最擅长的是文字表达，一起写作的科学博客（http://songshuhui.net）获得了2008年德国之声博客大赛“国际最佳博客”公众奖。“科学松鼠会人气蹿红，博客科普受关注” 被众多专家评为2008年下半年十大科普事件之一。
94,地下鐵,https://book.douban.com/subject/1361249/,8.4,5501, ,幾米,大塊文化, , ,2001-1-15,128,NT$ 350,平装,幾米作品,9789570316513,天使在地下鐵入口跟我說再見的那一年， 我漸漸看不見了。 15歲生日的秋天早晨， 下著毛毛雨， 我餵好我的貓， 六點零五分， 走進地下鐵。 我相信總會有人在什麼地方等我！,近年來國內最炙手可熱的繪本作家。1998年8月首度出版個人的繪本創作，1999年以《向左走‧向右走》、《聽幾米唱歌》和《月亮忘記了》三部作品，展現出驚人的創作力和多變的敘事風格，後又以《地下鐵》、《照相本子》……等多本優質繪本在出版市場興起了一陣持續至今熱力不減的繪本創作風潮。幾米讓「圖像」成為另一種清新舒潔的文學語言，在他的作品裡營造出流暢詩意的畫面，散發出深情迷人的風采。目前擁有7本廣受大家喜愛的作品，不只在國內出版市場締造出銷售二十餘萬冊的佳績，更賣出美國、德國、法國、希臘、韓國、日本等多國版權。 學界和媒體多次以「幾米現象」為主題分析討論。 Studio Voice雜誌選為亞洲最有創意的五十五人之一。多部作品改編為音樂劇、電視劇和電影，動畫《微笑的魚》並榮獲2006年柏林影展國際評審團特別獎。2007年Discovery「台灣人物誌」六位傑出人物之一。
95,恶童日记,https://book.douban.com/subject/3315879/,8.6,14555,匈牙利,雅歌塔·克里斯多夫,上海人民出版社,Le grand cahier,简伊玲,2009-1,204,22.00,平装,恶童三部曲,9787208080607,一座被外国军队占领的城市，由于粮食短缺，人民生活艰难困苦，一位年轻妇女只好带着双胞胎儿子们投靠住在乡间的母亲。这位“外婆”不仅不识字、骯脏、吝啬、凶恶，甚至是一名凶手。两兄弟在艰困的环境中成长，为了让自己变得坚强，两人每日以互相打骂对方、绝食等各种方式锻炼生存本领。他们将每天发生的事情仔细记载在一本大笔记本中。随着日记一页页被翻开，一场冷酷的梦魇式寓言也逐步呈现。,歌塔·克里斯多夫（Agota Kristof），1935年生于匈牙利的科泽格市（Köszeg），1956年匈牙利发生暴动，于是随夫婿避难至瑞士的纳沙泰尔市（Neuchâtel）定居至今。 饱受烽火洗劫，尝尽思乡之苦的流亡生涯，孕育出雅歌塔作品中冷酷逼真、发人深省的特质。 1986年其处女作《恶童日记》甫在法国出版即震惊文坛，获得欧洲图书奖。续集《二人证据》与《第三谎言》于1988年、1991年相继出版，成为著名的“恶童三部曲”。1992年《第三谎言》获得法国图书文学奖。其他重要作品包括长篇小说《昨日》，中篇小说《文盲》、《噩梦》，舞台剧本《怪物》、《传染病》等。“恶童三部曲”至今已被翻译成了35种语言出版。 雅歌塔的作品充满了独创性、讽刺性与人性，是一位极具代表性的当代作家。
96,小王子（中英文对照本）,https://book.douban.com/subject/1021615/,9.1,11458,法国,安东·德·圣艾修伯里 / [法国,哈尔滨出版社,Le Petit Prince,艾柯,2001-11,193,19.80,平装, ,9787806395868,《小王子》是一部写给大人看的童话，一个世界上最伤心的故事，一则关于爱与责任的寓言。 小说讲述了一个因飞机失事而滞留非洲大沙漠的飞行员邂逅一个小外星人的故事：小王子是一个忧郁的小人儿，他来自一个很小很小的星球，在那儿什么都好小好小，小王子很容易忧伤，他小小的生命柔情善感……这样令人心疼的小王子，在撒哈拉沙漠中与作者相遇了，他们一点一滴的交心，于是我们跟着小王子哭，跟着小王子笑，跟作者一起，再度成为一个孩子，寻获我们失去的天真与感动……,安东・德・圣艾修伯里，1900年生于法国里昂，具有贵族血统。他一生冒险，是利用飞机将邮件传递到高山和沙漠的先锋，同时，二次世界大战，法国被纳粹所占领，他被派飞美国，执行勘察飞行员的勤务。他是一位相当帅沉浸飞行，喜欢跟死亡打交道的人。在他致命的、最后的飞行失事前，即已说过，他对死亡早做好准备，甚至还 “相当乐意”迎接死亡。1944年，圣艾修伯里在一次飞行任务中失踪，成为法国文学史上最神秘的一则传奇。
97,不存在的女儿,https://book.douban.com/subject/2214344/,7.5,10831, ,(美)金·爱德华兹,译林出版社,The Memory Keeper's Daughter,施清真,2007,401,26.00,平装, ,9787544702782,1964年，一个大风雪的夜晚，医生戴维亲自为妻子接生。一对双胞胎降临人间，其中的女孩却患有先天性唐氏症。为了保护家人，或者保护自己，戴维欺骗妻子女儿已夭折。这个决定从此让两个家庭变了样……人生旅途当中，我们或多或少会有这种经历：在某个时刻，我们的某个决定，某个动作，当时自己并不能了解。很久以后，经过反复思量，才恍然大悟，终于明白自己当年的决定造成了怎样的结果。 活着的儿子和“死去”的女儿；物质生活无虞，唯独不能坦诚相对的夫妻，困苦艰辛但每一分秒都真诚勇敢的单亲妈妈……保守秘密的人、被欺瞒的人、渴求父母关爱的孩子、因没有子女而感到虚空难受的父母，漂泊流浪的人，居住定所的人，书中每个人与命运挣扎奋斗着，用力背起人生的苦难重担……本书作者是美国女作家金·爱德华兹的长篇处女作。2006情牵欧美，2007感动华语世界，《纽约时报》第1畅销书、《华盛顿邮报》第1畅销书、《出版商周刊》第1畅销书、《今日美国报》年度好书。这个夏天，你如何拒绝？！ 谎言的代价是什么？ 一个转瞬间的起心动念，一个出于善意的生死欺瞒，改变了两个家庭的命运。故事从一个大风雪的夜晚开始。 医生戴维亲手为妻子接生，发现双胞胎中的女婴患有唐氏症。不忍面对女儿为智障的现实，他让护士将女儿送走，并对妻子诺拉谎称她已经夭折。善意的欺骗竟成了一家人的梦魇…… 二十五年间，诺拉不能承受丧女之痛，开始出走、酗酒，而戴维终日被满心愧疚纠缠却无法言说，只能带着一架“记忆守护者”牌相机去寻找女婴、女孩、少女的影子，仿佛要为他那不存在的女儿留下成长的记录。 一直暗恋戴维的护士卡罗琳并没有送走女孩，她搬到另一个城市隐姓埋名，以一己之力对抗社会的不公，用力背起人生苦难，给女儿一个温暖的家…… 多年之后，戴维和卡罗琳再次相遇，她对他说：“你逃过了很多心痛，但你也错过了无数的喜悦。”,金·爱德华兹：生于德州，长于纽约，现为肯德基大学英文系助理教授，常于各地举办写作工作坊，著有短篇小说集《火王的秘密》。《不存在的女儿》是她出版的第一部长篇小说。 她是美国各大文学奖项的常胜客。2002年她获得怀丁基金会的怀丁作家奖(Whiting Award)，1998年则人选海明威文学奖。她还得过芝加哥论坛报举办的倪尔森爱格林奖(Nelson Algren Award)，全国杂志奖(National Magazine Award)等等。
98,德伯家的苔丝,https://book.douban.com/subject/1035477/,7.9,12618,英,哈代,人民文学出版社,Tess of the d’Urbervilles,张谷若,1984-07,577,25.50,精装,世界文学名著文库,9787020019434,本书系世界文学名著文库之一种。 德伯以软言温存猎获了少女苔丝，但苔丝失身后不愿将错就错，而是坚持追求女人的独立生存、真实爱情和幸福婚姻，但当时狭隘的贞操观念，使得她面临着种种道德障碍，苔丝向这种道德观发起一次次挑战……哈代文笔优美，作品中有浓郁的英国乡村气息，本著因涉及人生命运的大悲剧，更具有震撼人心的力量。,
99,设计私生活,https://book.douban.com/subject/1025176/,7.6,4664, ,欧阳应霁,生活·读书·新知三联书店, , ,2003-08,171,28.00,平装,Home书系,9787108018694,动情，不管是对人，猫狗兔、大树小草等等，都是人们熟悉的有情众生，可有些人的磁场特别敏感，这种人不只能感受有机生物的电波，对无机生物的能量也极其感应，因此他们看椅子、玩具、衣服、灯、笔记本、积木、图画……都可以把它们看成活物，看到它们活跃的电子活动场。 欧阳应霁就是这样一个人，他描述行遍花花世界看尽设计百态的种种私生活，你会突然觉得此人前世可许是个行脚僧，他今生如专研迷恋人间色相的肌理，百物浮华的层次，其实做的还是修行的事，他修的是悟得色不异空，空不异色的道。 他的《设计私生活》一书，好看就在文章中色与空的辩证，此人写的是时尚神学，他下笔天下微物，表面写得唯物，其实唯心极了。I shop therefore Iam 就是他和创造万物的上帝之间的命题。 年轻人看欧阳应霁这本书，会看到他眼下热门极了的人间花鸟，好多奇人奇物，有一点年纪的就会看到他心中安静下来的世态山水。他写物写到了让人想放下物，他把物看得如此分明，如此认真，最后却像是想转开身，说“我都看过了。” 在他还没有完全转开身前，就让我们来分享一下他充满自觉的“设计私生活”吧！上帝玩设计的游戏，欧阳应霁爱看这场被设计的游戏。,欧阳应霁： 自香港理工大学设计系获取荣誉学士及哲学硕士以来，长期对现代家居生活及建筑设计潮流观察研究，大量撰写相关评论推介文章，发表于大陆港台报章杂志。出版有生活写作系列《一日一日》《寻常放荡》《两个人住》《回家真好》及《设计私生活》。文字写作以外同时热衷漫画创作，出版有《我的天》《爱到死》《小明》《三七二十一》《我的天使》等等漫画系列及专集。始终迷恋文字和图像，愿意在两者的微妙关系中纠缠成长，矢志做个贪心的，快活的，认真的跨媒体导游。
